Jabatan,Kode Unit,Judul Unit,Elemen Kompetensi,KUK
Manager,C.29TDI01.001.1,Merumuskan Aspirasi Transformasi Industri 4.0,Mengenali industri 4.0,"latar belakang, keuntungan tantangan industri diidentifikasi"
Manager,C.29TDI01.001.1,Merumuskan Aspirasi Transformasi Industri 4.0,Mengenali industri 4.0,teknologi informasi mendukung kinerja industri diidentifikasi
Manager,C.29TDI01.001.1,Merumuskan Aspirasi Transformasi Industri 4.0,Mengenali industri 4.0,karakteristik industri diidentifikasi holistik
Manager,C.29TDI01.001.1,Merumuskan Aspirasi Transformasi Industri 4.0,Mengenali industri 4.0,kualifikasi sdm diformulasikan sesuai karakteristik industri .
Manager,C.29TDI01.001.1,Merumuskan Aspirasi Transformasi Industri 4.0,Mengidentifikasi core element industri 4.0,core technology industri diidentifikasi
Manager,C.29TDI01.001.1,Merumuskan Aspirasi Transformasi Industri 4.0,Mengidentifikasi core element industri 4.0,core process relevan industri dikategorikan berdasarkan kasus bisnis
Manager,C.29TDI01.001.1,Merumuskan Aspirasi Transformasi Industri 4.0,Mengidentifikasi core element industri 4.0,persyaratan kualifikasi personil proses kerja industri diidentifikasi.
Manager,C.29TDI01.001.1,Merumuskan Aspirasi Transformasi Industri 4.0,Membuat peta pemangku kepentingan,pemangku kepentingan terkait transformasi industri diidentifikasi
Manager,C.29TDI01.001.1,Merumuskan Aspirasi Transformasi Industri 4.0,Membuat peta pemangku kepentingan,current condition pemangku kepentingan dipetakan berdasarkan fungsi organisasi.
Manager,C.29TDI01.002.1,Merumuskan Peluang Penerapan Transformasi Industri 4.0,Melakukan business model analysis dan business process,business model sedang berjalan diidentifikasi
Manager,C.29TDI01.002.1,Merumuskan Peluang Penerapan Transformasi Industri 4.0,Melakukan business model analysis dan business process,peluang business model baru diidentifikasi berdasarkan transformasi industri
Manager,C.29TDI01.002.1,Merumuskan Peluang Penerapan Transformasi Industri 4.0,Melakukan business model analysis dan business process,business process dipetakan sesuai peluang penerapan transformasi
Manager,C.29TDI01.002.1,Merumuskan Peluang Penerapan Transformasi Industri 4.0,Melakukan business model analysis dan business process,peningkatan pencapaian target kinerja dikaji sesuai peluang transformasi.
Manager,C.29TDI01.002.1,Merumuskan Peluang Penerapan Transformasi Industri 4.0,Melakukan gap analysis,hasil analisis kebutuhan dibandingkan kondisi ini
Manager,C.29TDI01.002.1,Merumuskan Peluang Penerapan Transformasi Industri 4.0,Melakukan gap analysis,penerapan transformasi dianalisis berdasarkan peluang peningkatan capaian kinerja.
Manager,C.29TDI01.002.1,Merumuskan Peluang Penerapan Transformasi Industri 4.0,Menentukan peluang peningkatan capaian kinerja,ruang lingkup ditentukan berdasarkan strategi perusahaan
Manager,C.29TDI01.002.1,Merumuskan Peluang Penerapan Transformasi Industri 4.0,Menentukan peluang peningkatan capaian kinerja,capaian kinerja ditetapkan sesuai ruang lingkup transformasi.
Manager,C.29TDI01.003.1,Merencanakan Transformasi Industri 4.0,Menentukan target transformasi industri 4.0,parameter kpi transformasi ditentukan sesuai ruang lingkup
Manager,C.29TDI01.003.1,Merencanakan Transformasi Industri 4.0,Menentukan target transformasi industri 4.0,tahapan capaian target ditentukan memastikan penerapan sesuai rencana
Manager,C.29TDI01.003.1,Merencanakan Transformasi Industri 4.0,Menentukan target transformasi industri 4.0,business model ditentukan memperhatikan peluang bisnis baru.
Manager,C.29TDI01.003.1,Merencanakan Transformasi Industri 4.0, Membuat business process dan roadmap,proyek transformasi akan diimplementasikan diidentifikasi
Manager,C.29TDI01.003.1,Merencanakan Transformasi Industri 4.0, Membuat business process dan roadmap,target transformasi business process dirumuskan sesuai kpi
Manager,C.29TDI01.003.1,Merencanakan Transformasi Industri 4.0, Membuat business process dan roadmap,roadmap transformasi dirumuskan sesuai target.
Manager,C.29TDI01.003.1,Merencanakan Transformasi Industri 4.0,Membuat strategi penerapan roadmap,penerapan dikaji mengantisipasi kondisi vuca
Manager,C.29TDI01.003.1,Merencanakan Transformasi Industri 4.0,Membuat strategi penerapan roadmap,strategi transformasi dirumuskan.
Manager,C.29TDI01.004.1,Melakukan Pilot Project Industri 4.0,Menyiapkan proyek,tim dibentuk
Manager,C.29TDI01.004.1,Melakukan Pilot Project Industri 4.0,Menyiapkan proyek,sumber daya disiapkan
Manager,C.29TDI01.004.1,Melakukan Pilot Project Industri 4.0,Menyiapkan proyek,jadwal disusun.
Manager,C.29TDI01.004.1,Melakukan Pilot Project Industri 4.0,Mengimplementasikan solusi,solusi diuji skala terbatas
Manager,C.29TDI01.004.1,Melakukan Pilot Project Industri 4.0,Mengimplementasikan solusi,data performa dikumpulkan.
Manager,C.29TDI01.005.1,Mengevaluasi Implementasi Solusi Transformasi,Memantau progres,monitoring berkala dilakukan
Manager,C.29TDI01.005.1,Mengevaluasi Implementasi Solusi Transformasi,Memantau progres,hambatan diidentifikasi diatasi.
Manager,C.29TDI01.005.1,Mengevaluasi Implementasi Solusi Transformasi,Menganalisis hasil,perbandingan hasil vs target dilakukan
Manager,C.29TDI01.005.1,Mengevaluasi Implementasi Solusi Transformasi,Menganalisis hasil,rekomendasi perbaikan disusun.
Manager,C.29TDI01.006.1,Mengevaluasi Dampak Penerapan Transformasi, Mengukur dampak bisnis,dampak roi dihitung
Manager,C.29TDI01.006.1,Mengevaluasi Dampak Penerapan Transformasi, Mengukur dampak bisnis,dampak efisiensi operasional dianalisis.
Manager,C.29TDI01.006.1,Mengevaluasi Dampak Penerapan Transformasi,Menyusun laporan akhir,laporan evaluasi komprehensif disusun
Manager,C.29TDI01.006.1,Mengevaluasi Dampak Penerapan Transformasi,Menyusun laporan akhir,strategi keberlanjutan direkomendasikan.
Engineer,C.29TDI02.001.1,Merencanakan Rekayasa Kasus Bisnis Industri 4.0,dentifikasi kebutuhan teknis,kebutuhan perangkat keraslunak dipetakan
Engineer,C.29TDI02.001.1,Merencanakan Rekayasa Kasus Bisnis Industri 4.0,dentifikasi kebutuhan teknis,arsitektur solusi dirancang.
Engineer,C.29TDI02.002.1,Mengimplementasikan Kasus Bisnis,Eksekusi teknis,integrasi sistem dilakukan
Engineer,C.29TDI02.002.1,Mengimplementasikan Kasus Bisnis,Eksekusi teknis,konfigurasi teknologi dilaksanakan.
Engineer,C.29TDI02.003.1,Melakukan Internalisasi Solusi Kasus Bisnis,Edukasi pengguna,pelatihan operasional diberikan
Engineer,C.29TDI02.003.1,Melakukan Internalisasi Solusi Kasus Bisnis,Edukasi pengguna,dokumentasi teknis diserahkan.
Maintainer,C.29TDI03.001.1,Mengelola Smart Maintenance,Pengaturan sistem perawatan,jadwal perawatan digital disusun
Maintainer,C.29TDI03.001.1,Mengelola Smart Maintenance,Pengaturan sistem perawatan,sensor pemantauan dikelola.
Maintainer,C.29TDI03.002.1,Menggunakan Digital Assistance,Operasional bantuan digital,perangkat arvr digunakan
Maintainer,C.29TDI03.002.1,Menggunakan Digital Assistance,Operasional bantuan digital,instruksi kerja digital diikuti.
Maintainer,C.29TDI03.003.1,Melakukan Predictive Maintenance,Analisis data kondisi mesin,data sensor dipantau
Maintainer,C.29TDI03.003.1,Melakukan Predictive Maintenance,Analisis data kondisi mesin,prediksi kerusakan dianalisis tindakan pencegahan.
Cyber security,J.62KAM00.001.2,Mengklasifikasikan Informasi yang Bersifat Rahasia,Membuat kategori klasifikasi informasi,kategori klasifikasi informasi diidentifikasi berdasarkan kebutuhan keamanan informasi
Cyber security,J.62KAM00.001.2,Mengklasifikasikan Informasi yang Bersifat Rahasia,Membuat kategori klasifikasi informasi,hasil identifikasi kategori klasifikasi informasi dianalisis sesuai kebutuhan keamanan informasi
Cyber security,J.62KAM00.001.2,Mengklasifikasikan Informasi yang Bersifat Rahasia,Membuat kategori klasifikasi informasi,kategori klasifikasi informasi disusun berdasarkan hasil analisis.
Cyber security,J.62KAM00.001.2,Mengklasifikasikan Informasi yang Bersifat Rahasia,Mendata informasi yang bersifat rahasia,daftar informasi diinventarisasi sesuai kategori klasifikasi informasi
Cyber security,J.62KAM00.001.2,Mengklasifikasikan Informasi yang Bersifat Rahasia,Mendata informasi yang bersifat rahasia,daftar informasi bersifat rahasia disusun sesuai format berlaku organisasi.
Cyber security,J.62KAM00.002.1,Melaksanakan Pengamanan Informasi yang Bersifat Rahasia,Menentukan kebijakan kriptografi,kebijakan kriptografi diidentifikasi sesuai kebutuhan keamanan informasi
Cyber security,J.62KAM00.002.1,Melaksanakan Pengamanan Informasi yang Bersifat Rahasia,Menentukan kebijakan kriptografi,kebijakan kriptografi dipilih sesuai kategori klasifikasi informasi.
Cyber security,J.62KAM00.002.1,Melaksanakan Pengamanan Informasi yang Bersifat Rahasia,Menentukan metode enkripsi data,metode enkripsi diidentifikasi berdasarkan kebijakan kriptografi
Cyber security,J.62KAM00.002.1,Melaksanakan Pengamanan Informasi yang Bersifat Rahasia,Menentukan metode enkripsi data,metode enkripsi dipilih berdasarkan kebijakan kriptografi.
Cyber security,J.62KAM00.009.1,Melaksanakan Autentikasi dalam Upaya Mencegah Pemalsuan Informasi,Melakukan validasi dalam upaya mencegah pemalsuan informasi,kriteria autentikasi ditentukan berdasarkan kategori klasifikasi informasi
Cyber security,J.62KAM00.009.1,Melaksanakan Autentikasi dalam Upaya Mencegah Pemalsuan Informasi,Melakukan validasi dalam upaya mencegah pemalsuan informasi,pemalsuan informasi divalidasi sesuai kriteria autentikasi.
Cyber security,J.62KAM00.009.1,Melaksanakan Autentikasi dalam Upaya Mencegah Pemalsuan Informasi,Mendokumentasikan hasil Autentikasi untuk validasi informasi,informasi divalidasi berdasarkan metode autentikasi informasi
Cyber security,J.62KAM00.009.1,Melaksanakan Autentikasi dalam Upaya Mencegah Pemalsuan Informasi,Mendokumentasikan hasil Autentikasi untuk validasi informasi,hasil validasi dicatat berdasarkan kebutuhan keamanan informasi.
Cyber security,J.62KAM00.013.2,Menyusun Rencana Pelaksanaan Pelindungan Fisik Keamanan Informasi,Mengidentifikasi keberadaan entitas pada area pengamanan fisik,daftar aktivitas entitas lingkungan organisasi diinventarisasi berdasarkan daftar ancaman fisik
Cyber security,J.62KAM00.013.2,Menyusun Rencana Pelaksanaan Pelindungan Fisik Keamanan Informasi,Mengidentifikasi keberadaan entitas pada area pengamanan fisik,daftar aktivitas entitas dianalisis sesuai kebutuhan keamanan fisik
Cyber security,J.62KAM00.013.2,Menyusun Rencana Pelaksanaan Pelindungan Fisik Keamanan Informasi,Mengidentifikasi keberadaan entitas pada area pengamanan fisik,daftar aktivitas entitas dibuat berdasarkan format berlaku.
Cyber security,J.62KAM00.013.2,Menyusun Rencana Pelaksanaan Pelindungan Fisik Keamanan Informasi,Menentukan rencana pelaksanaan pelindungan fisik Keamanan Informasi,rencana pelaksanaan pelindungan fisik disusun berdasarkan kebutuhan keamanan fisik
Cyber security,J.62KAM00.013.2,Menyusun Rencana Pelaksanaan Pelindungan Fisik Keamanan Informasi,Menentukan rencana pelaksanaan pelindungan fisik Keamanan Informasi,rencana pelaksanaan pelindungan fisik keamanan informasi didokumentasikan sesuai format berlaku.
Cyber security,J.62KAM00.014.2,Memetakan Profil Sumber Daya Manusia Keamanan Informasi,Menentukan profil SDM sesuai dengan profil risiko Keamanan Informasi organisasi,profil sdm diobservasi berdasarkan profil risiko organisasi
Cyber security,J.62KAM00.014.2,Memetakan Profil Sumber Daya Manusia Keamanan Informasi,Menentukan profil SDM sesuai dengan profil risiko Keamanan Informasi organisasi,profil sdm dipetakan profil risiko organisasi
Cyber security,J.62KAM00.014.2,Memetakan Profil Sumber Daya Manusia Keamanan Informasi,Menentukan profil SDM sesuai dengan profil risiko Keamanan Informasi organisasi,pemetaan profil sdm didokumentasikan berdasarkan kebutuhan keamanan informasi.
Cyber security,J.62KAM00.014.2,Memetakan Profil Sumber Daya Manusia Keamanan Informasi,Menyusun pembagian peran sesuai profil SDM,peran jabatan keamanan informasi organisasi diidentifikasi sesuai pemetaan profil sdm
Cyber security,J.62KAM00.014.2,Memetakan Profil Sumber Daya Manusia Keamanan Informasi,Menyusun pembagian peran sesuai profil SDM,dokumen peran jabatan keamanan informasi organisasi dibuat berdasarkan pemetaan profil sdm.
Cyber security,J.62KAM00.015.1,Menyusun Dokumen Skrining Personel Keamanan Informasi,Menentukan kriteria skrining personel Keamanan Informasi,kriteria skrining personel keamanan informasi diidentifikasi sesuai dokumen peran jabatan
Cyber security,J.62KAM00.015.1,Menyusun Dokumen Skrining Personel Keamanan Informasi,Menentukan kriteria skrining personel Keamanan Informasi,kriteria skrining personel keamanan informasi dipilih sesuai kebutuhan keamanan informasi.
Cyber security,J.62KAM00.015.1,Menyusun Dokumen Skrining Personel Keamanan Informasi,Merancang instrumen skrining personel Keamanan Informasi,daftar pertanyaan instrumen skrining dibuat sesuai parameter kriteria skrining personel keamanan informasi
Cyber security,J.62KAM00.015.1,Menyusun Dokumen Skrining Personel Keamanan Informasi,Merancang instrumen skrining personel Keamanan Informasi,mekanisme pengukuran instrumen skrining dibuat sesuai daftar pertanyaan instrumen skrining
Cyber security,J.62KAM00.015.1,Menyusun Dokumen Skrining Personel Keamanan Informasi,Merancang instrumen skrining personel Keamanan Informasi,instrumen skrining personel keamanan informasi didokumentasikan sesuai format berlaku.
Cyber security,J.62KAM00.003.2,Melaksanakan Pengamanan Integritas Informasi,Menentukan tingkat kepentingan informasi,tingkat kepentingan informasi diidentifikasi berdasarkan kategori klasifikasi informasi
Cyber security,J.62KAM00.003.2,Melaksanakan Pengamanan Integritas Informasi,Menentukan tingkat kepentingan informasi,tingkat kepentingan informasi ditentukan berdasarkan hasil identifikasi.
Cyber security,J.62KAM00.003.2,Melaksanakan Pengamanan Integritas Informasi,Melaksanakan pengamanan Integritas informasi,metode pengamanan integritas informasi diidentifikasi berdasarkan tingkat kepentingan informasi
Cyber security,J.62KAM00.003.2,Melaksanakan Pengamanan Integritas Informasi,Melaksanakan pengamanan Integritas informasi,pengamanan integritas informasi dilaksanakan sesuai metode pengamanan integritas informasi.
Cyber security,J.62KAM00.004.2,Melaksanakan Validasi Integritas Informasi,Mengidentifikasi ancaman terhadap Integritas informasi,informasi terkait ancaman integritas informasi diinventarisasi berdasarkan kebutuhan keamanan informasi
Cyber security,J.62KAM00.004.2,Melaksanakan Validasi Integritas Informasi,Mengidentifikasi ancaman terhadap Integritas informasi,hasil inventarisasi ancaman integritas informasi dipilih berdasarkan kebutuhan keamanan informasi.
Cyber security,J.62KAM00.004.2,Melaksanakan Validasi Integritas Informasi,Mengidentifikasi metode validasi Integritas informasi,metode validasi integritas informasi diinventarisasi berdasarkan ancaman
Cyber security,J.62KAM00.004.2,Melaksanakan Validasi Integritas Informasi,Mengidentifikasi metode validasi Integritas informasi,metode validasi integritas informasi ditentukan berdasarkan praktik terbaik keamanan informasi.
Cyber security,J.62KAM00.004.2,Melaksanakan Validasi Integritas Informasi,Mendokumentasikan hasil validasi Integritas informasi,integritas informasi divalidasi berdasarkan metode validasi
Cyber security,J.62KAM00.004.2,Melaksanakan Validasi Integritas Informasi,Mendokumentasikan hasil validasi Integritas informasi,hasil validasi integritas informasi dicatat berdasarkan kebutuhan keamanan informasi.
Cyber security,J.62KAM00.005.1,Melaksanakan Keberlangsungan Keamanan Informasi,Menentukan kebutuhan keberlangsungan Keamanan Informasi,aset penting diidentifikasi berdasarkan kebutuhan keamanan informasi
Cyber security,J.62KAM00.005.1,Melaksanakan Keberlangsungan Keamanan Informasi,Menentukan kebutuhan keberlangsungan Keamanan Informasi,kebutuhan keberlangsungan keamanan informasi ditentukan berdasarkan hasil identifikasi aset penting.
Cyber security,J.62KAM00.005.1,Melaksanakan Keberlangsungan Keamanan Informasi,Melaksanakan uji coba keberlangsungan Keamanan Informasi,skenario uji coba disusun berdasarkan kebutuhan keberlangsungan keamanan informasi
Cyber security,J.62KAM00.005.1,Melaksanakan Keberlangsungan Keamanan Informasi,Melaksanakan uji coba keberlangsungan Keamanan Informasi,uji coba dilaksanakan sesuai skenario uji coba.
Cyber security,J.62KAM00.007.1,Menetapkan Metode Autentikasi,Mengidentifikasi kebutuhan metode Autentikasi,ruang lingkup metode autentikasi diidentifikasi berdasarkan kebutuhan keamanan informasi
Cyber security,J.62KAM00.007.1,Menetapkan Metode Autentikasi,Mengidentifikasi kebutuhan metode Autentikasi,daftar metode autentikasi diinventarisasi berdasarkan praktik terbaik keamanan informasi.
Cyber security,J.62KAM00.007.1,Menetapkan Metode Autentikasi, Menentukan metode Autentikasi,metode autentikasi dipilih sesuai ruang lingkup
Cyber security,J.62KAM00.007.1,Menetapkan Metode Autentikasi, Menentukan metode Autentikasi,metode autentikasi didokumentasikan sesuai format berlaku.
Cyber security,J.62KAM00.010.1,Menentukan Aset Teknologi Informasi yang Dikontrol,Melakukan pencatatan Aset Teknologi Informasi,aset teknologi informasi diinventarisasi berdasarkan proses bisnis organisasi
Cyber security,J.62KAM00.010.1,Menentukan Aset Teknologi Informasi yang Dikontrol,Melakukan pencatatan Aset Teknologi Informasi,daftar aset teknologi informasi dibuat berdasarkan hasil inventarisasi.
Cyber security,J.62KAM00.010.1,Menentukan Aset Teknologi Informasi yang Dikontrol,Menerapkan kategori di setiap aset penting,aset penting ditentukan berdasarkan kebutuhan keamanan informasi
Cyber security,J.62KAM00.010.1,Menentukan Aset Teknologi Informasi yang Dikontrol,Menerapkan kategori di setiap aset penting,kategori akses ditentukan setiap aset penting sesuai klasifikasi informasi
Cyber security,J.62KAM00.010.1,Menentukan Aset Teknologi Informasi yang Dikontrol,Menerapkan kategori di setiap aset penting,daftar aset penting beserta kategori akses didokumentasikan sesuai format berlaku.
Cyber security,J.62KAM00.011.2,Melaksanakan Pengontrolan Akses Pengguna yang Berwenang,Mengidentifikasi hak akses pengguna,daftar pengguna diinventarisasi berdasarkan peran fungsinya
Cyber security,J.62KAM00.011.2,Melaksanakan Pengontrolan Akses Pengguna yang Berwenang,Mengidentifikasi hak akses pengguna,hak akses pengguna ditentukan berdasarkan kategori akses aset penting.
Cyber security,J.62KAM00.011.2,Melaksanakan Pengontrolan Akses Pengguna yang Berwenang,Melakukan pengontrolan akses pengguna,akses pengguna dikonfigurasi sesuai hak akses pengguna
Cyber security,J.62KAM00.011.2,Melaksanakan Pengontrolan Akses Pengguna yang Berwenang,Melakukan pengontrolan akses pengguna,akses pengguna dipantau berkala sesuai kebijakan organisasi.
Manajemen SDM,M.70SDM01.017.2,Melakukan Proses Rekrutmen ,Menyiapkan program rekrutmen ,kebutuhan pelaksanaan rekrutmen disiapkan sesuai sop
Manajemen SDM,M.70SDM01.017.2,Melakukan Proses Rekrutmen ,Menyiapkan program rekrutmen ,program ditawarkan sumber pemenuhan sdm sesuai sop.
Manajemen SDM,M.70SDM01.017.2,Melakukan Proses Rekrutmen ,Melaksanakan program rekrutmen ,data aplikasi dikompilasi dikaji sesuai sop
Manajemen SDM,M.70SDM01.017.2,Melakukan Proses Rekrutmen ,Melaksanakan program rekrutmen ,hasil kajian digunakan proses seleksi sesuai sop.
Manajemen SDM,M.70SDM01.023.2,Menyusun Sistem Remunerasi ,Menentukan komponen upah dan non upah ,komponen upah non upah diidentifikasi sesuai kebutuhan organisasi
Manajemen SDM,M.70SDM01.023.2,Menyusun Sistem Remunerasi ,Menentukan komponen upah dan non upah ,hasil identifikasi ditetapkan mempertimbangkan strategi perundangan.
Manajemen SDM,M.70SDM01.023.2,Menyusun Sistem Remunerasi ,Menyusun struktur dan skala upah ,informasi internaleksternal dianalisis sesuai sistem remunerasi
Manajemen SDM,M.70SDM01.023.2,Menyusun Sistem Remunerasi ,Menyusun struktur dan skala upah ,struktur skala upah disusun berdasarkan grading.
Manajemen SDM,M.70SDM01.029.2,Mengelola Proses Penilaian Kinerja Individu ,Menyiapkan pelaksanaan penilaian kinerja individu ,panduan perangkat penilaian disampaikan penilai
Manajemen SDM,M.70SDM01.029.2,Mengelola Proses Penilaian Kinerja Individu ,Menyiapkan pelaksanaan penilaian kinerja individu ,pelaksanaan dipantau sesuai panduan.
Manajemen SDM,M.70SDM01.029.2,Mengelola Proses Penilaian Kinerja Individu ,Melakukan kompilasi hasil penilaian kinerja individu ,hasil penilaian dikumpulkan dikompilasi sesuai prosedur
Manajemen SDM,M.70SDM01.029.2,Mengelola Proses Penilaian Kinerja Individu ,Melakukan kompilasi hasil penilaian kinerja individu ,hasil kompilasi dianalisis sesuai kebutuhan organisasi.
Manajemen SDM,M.70SDM01.035.2,Merancang Model dan Kamus Kompetensi ,Menetapkan model kompetensi organisasi ,"data visi, misi, strategi dianalisis penyusunan model"
Manajemen SDM,M.70SDM01.035.2,Merancang Model dan Kamus Kompetensi ,Menetapkan model kompetensi organisasi ,model kompetensi disusun sesuai kebutuhan organisasi.
Manajemen SDM,M.70SDM01.037.2,Menyusun Kelompok Pekerja Bertalenta (Talent Pool) ,Menetapkan profil posisi jabatan kunci ,posisi jabatan kunci ditetapkan berdasarkan kriteria
Manajemen SDM,M.70SDM01.037.2,Menyusun Kelompok Pekerja Bertalenta (Talent Pool) ,Menetapkan profil posisi jabatan kunci ,standar kompetensi jabatan kunci ditetapkan sesuai kebutuhan.
Manajemen SDM,M.70SDM01.037.2,Menyusun Kelompok Pekerja Bertalenta (Talent Pool) ,Mengusulkan kandidat pekerja bertalenta ,data kompetensi potensi dikumpulkan
Manajemen SDM,M.70SDM01.037.2,Menyusun Kelompok Pekerja Bertalenta (Talent Pool) ,Mengusulkan kandidat pekerja bertalenta ,profil kandidat dianalisis kesesuaiannya
Manajemen SDM,M.70SDM01.037.2,Menyusun Kelompok Pekerja Bertalenta (Talent Pool) ,Mengusulkan kandidat pekerja bertalenta ,daftar nominasi disampaikan pimpinan.
Manajemen SDM,M.70SDM01.059.2,Melakukan Administrasi Penerapan Kebijakan MSDM ,Mengkompilasi ketentuan administrasi penerapan kebijakan MSDM ,ketentuan prosedur kerja diidentifikasi
Manajemen SDM,M.70SDM01.059.2,Melakukan Administrasi Penerapan Kebijakan MSDM ,Mengkompilasi ketentuan administrasi penerapan kebijakan MSDM ,prosedur kerja bagan alur proses dikompilasi.
Manajemen SDM,M.70SDM01.059.2,Melakukan Administrasi Penerapan Kebijakan MSDM ,Melaksanakan administrasi kebijakan MSDM ,administrasi dilaksanakan akurat tepat waktu
Manajemen SDM,M.70SDM01.059.2,Melakukan Administrasi Penerapan Kebijakan MSDM ,Melaksanakan administrasi kebijakan MSDM ,administrasi didokumentasikan sesuai prosedur.
Manajemen SDM,M.70SDM01.017.2,Melakukan Proses Rekrutmen ,Menyiapkan program rekrutmen ,kebutuhan pelaksanaan rekrutmen disiapkan sesuai sop
Manajemen SDM,M.70SDM01.017.2,Melakukan Proses Rekrutmen ,Menyiapkan program rekrutmen ,program ditawarkan sumber pemenuhan sdm sesuai sop.
Manajemen SDM,M.70SDM01.017.2,Melakukan Proses Rekrutmen ,Melaksanakan program rekrutmen ,data aplikasi dikompilasi dikaji sesuai sop
Manajemen SDM,M.70SDM01.017.2,Melakukan Proses Rekrutmen ,Melaksanakan program rekrutmen ,hasil kajian digunakan proses seleksi sesuai sop.
Manajemen SDM,M.70SDM01.023.2,Menyusun Sistem Remunerasi ,Menentukan komponen upah dan non upah ,komponen upah non upah diidentifikasi sesuai kebutuhan organisasi
Manajemen SDM,M.70SDM01.023.2,Menyusun Sistem Remunerasi ,Menentukan komponen upah dan non upah ,hasil identifikasi ditetapkan mempertimbangkan strategi perundangan.
Manajemen SDM,M.70SDM01.023.2,Menyusun Sistem Remunerasi ,Menyusun struktur dan skala upah ,informasi internaleksternal dianalisis sesuai sistem remunerasi
Manajemen SDM,M.70SDM01.023.2,Menyusun Sistem Remunerasi ,Menyusun struktur dan skala upah ,struktur skala upah disusun berdasarkan grading.
Manajemen SDM,M.70SDM01.029.2,Mengelola Proses Penilaian Kinerja Individu ,Menyiapkan pelaksanaan penilaian kinerja individu ,panduan perangkat penilaian disampaikan penilai
Manajemen SDM,M.70SDM01.029.2,Mengelola Proses Penilaian Kinerja Individu ,Menyiapkan pelaksanaan penilaian kinerja individu ,pelaksanaan dipantau sesuai panduan.
Manajemen SDM,M.70SDM01.029.2,Mengelola Proses Penilaian Kinerja Individu ,Melakukan kompilasi hasil penilaian kinerja individu ,hasil penilaian dikumpulkan dikompilasi sesuai prosedur
Manajemen SDM,M.70SDM01.029.2,Mengelola Proses Penilaian Kinerja Individu ,Melakukan kompilasi hasil penilaian kinerja individu ,hasil kompilasi dianalisis sesuai kebutuhan organisasi.
Manajemen SDM,M.70SDM01.035.2,Merancang Model dan Kamus Kompetensi ,Menetapkan model kompetensi organisasi ,"data visi, misi, strategi dianalisis penyusunan model"
Manajemen SDM,M.70SDM01.035.2,Merancang Model dan Kamus Kompetensi ,Menetapkan model kompetensi organisasi ,model kompetensi disusun sesuai kebutuhan organisasi.
Manajemen SDM,M.70SDM01.037.2,Menyusun Kelompok Pekerja Bertalenta (Talent Pool) ,Menetapkan profil posisi jabatan kunci ,posisi jabatan kunci ditetapkan berdasarkan kriteria
Manajemen SDM,M.70SDM01.037.2,Menyusun Kelompok Pekerja Bertalenta (Talent Pool) ,Menetapkan profil posisi jabatan kunci ,standar kompetensi jabatan kunci ditetapkan sesuai kebutuhan.
Manajemen SDM,M.70SDM01.037.2,Menyusun Kelompok Pekerja Bertalenta (Talent Pool) ,Mengusulkan kandidat pekerja bertalenta ,data kompetensi potensi dikumpulkan
Manajemen SDM,M.70SDM01.037.2,Menyusun Kelompok Pekerja Bertalenta (Talent Pool) ,Mengusulkan kandidat pekerja bertalenta ,profil kandidat dianalisis kesesuaiannya
Manajemen SDM,M.70SDM01.037.2,Menyusun Kelompok Pekerja Bertalenta (Talent Pool) ,Mengusulkan kandidat pekerja bertalenta ,daftar nominasi disampaikan pimpinan.
Manajemen SDM,M.70SDM01.059.2,Melakukan Administrasi Penerapan Kebijakan MSDM ,Mengkompilasi ketentuan administrasi penerapan kebijakan MSDM ,ketentuan prosedur kerja diidentifikasi
Manajemen SDM,M.70SDM01.059.2,Melakukan Administrasi Penerapan Kebijakan MSDM ,Mengkompilasi ketentuan administrasi penerapan kebijakan MSDM ,prosedur kerja bagan alur proses dikompilasi.
Manajemen SDM,M.70SDM01.059.2,Melakukan Administrasi Penerapan Kebijakan MSDM ,Melaksanakan administrasi kebijakan MSDM ,administrasi dilaksanakan akurat tepat waktu
Manajemen SDM,M.70SDM01.059.2,Melakukan Administrasi Penerapan Kebijakan MSDM ,Melaksanakan administrasi kebijakan MSDM ,administrasi didokumentasikan sesuai prosedur.
Mekanik,M.74MAB02.003.1,Melakukan Warming Up atas Unit Alat Berat,Menyiapkan pelaksanaan warming up,model spesifikasi diidentifikasi
Mekanik,M.74MAB02.003.1,Melakukan Warming Up atas Unit Alat Berat,Menyiapkan pelaksanaan warming up,parts komponen diidentifikasi
Mekanik,M.74MAB02.003.1,Melakukan Warming Up atas Unit Alat Berat,Menyiapkan pelaksanaan warming up,"lever, pedal, panel kontrol diidentifikasi"
Mekanik,M.74MAB02.003.1,Melakukan Warming Up atas Unit Alat Berat,Menyiapkan pelaksanaan warming up,istilah teknik diidentifikasi
Mekanik,M.74MAB02.003.1,Melakukan Warming Up atas Unit Alat Berat,Menyiapkan pelaksanaan warming up,prosedur warming up diidentifikasi
Mekanik,M.74MAB02.003.1,Melakukan Warming Up atas Unit Alat Berat,Menyiapkan pelaksanaan warming up,omm operation and maintenance manual diidentifikasi.
Mekanik,M.74MAB02.008.1,Melakukan Periodic Maintenance Clinic (PMC) Dump Truck,Menyiapkan pelaksanaan PMC Dump Truck,model spesifikasi unit diidentifikasi
Mekanik,M.74MAB02.008.1,Melakukan Periodic Maintenance Clinic (PMC) Dump Truck,Menyiapkan pelaksanaan PMC Dump Truck,parts komponen utama diidentifikasi
Mekanik,M.74MAB02.008.1,Melakukan Periodic Maintenance Clinic (PMC) Dump Truck,Menyiapkan pelaksanaan PMC Dump Truck,"prosedur pemeriksaan sensor, lan, actuator sistem elektronik diidentifikasi"
Mekanik,M.74MAB02.008.1,Melakukan Periodic Maintenance Clinic (PMC) Dump Truck,Menyiapkan pelaksanaan PMC Dump Truck,prosedur pemeriksaan fungsi panel monitor switch diidentifikasi.
Mekanik,M.74MAB02.009.1,Melakukan PMC pada Wheel Loader,Mengukur performance Hydraulic System,pengukuran work equipment speed dilakukan sesuai manual
Mekanik,M.74MAB02.009.1,Melakukan PMC pada Wheel Loader,Mengukur performance Hydraulic System,pengukuran hydraulic oil pressure dilakukan sesuai manual
Mekanik,M.74MAB02.009.1,Melakukan PMC pada Wheel Loader,Mengukur performance Hydraulic System,pengukuran hydraulic drift dilakukan sesuai prosedur
Mekanik,M.74MAB02.009.1,Melakukan PMC pada Wheel Loader,Mengukur performance Hydraulic System,hasil pengukuran dibuat kesimpulan.
Mekanik,M.74MAB02.022.1,Melakukan Penggantian Unit Axle,Menyiapkan penggantian Axle,model spesifikasi alat berat diidentifikasi
Mekanik,M.74MAB02.022.1,Melakukan Penggantian Unit Axle,Menyiapkan penggantian Axle,model spesifikasi axle diidentifikasi
Mekanik,M.74MAB02.022.1,Melakukan Penggantian Unit Axle,Menyiapkan penggantian Axle,peralatan angkat bantu dipastikan ketersediaannya.
Mekanik,M.74MAB02.036.1,Melakukan Overhaul Suspension Dump Truck,Mengembalikan kondisi performance Suspension,kelengkapan tools spare parts dipastikan
Mekanik,M.74MAB02.036.1,Melakukan Overhaul Suspension Dump Truck,Mengembalikan kondisi performance Suspension,suspension assembly dilakukan berdasarkan service manual
Mekanik,M.74MAB02.036.1,Melakukan Overhaul Suspension Dump Truck,Mengembalikan kondisi performance Suspension,pengujian performance dilakukan
Mekanik,M.74MAB02.036.1,Melakukan Overhaul Suspension Dump Truck,Mengembalikan kondisi performance Suspension,rekomendasi tindak lanjut disusun
Mekanik,M.74MAB02.036.1,Melakukan Overhaul Suspension Dump Truck,Mengembalikan kondisi performance Suspension,coating wrapping dilakukan.
Mekanik,M.74MAB02.011.1,Melakukan PMC pada Soil Stabilizer,Menyiapkan pelaksanaan PMC Soil Stabilizer,prosedur penggunaan refractometer liquid checker diidentifikasi
Mekanik,M.74MAB02.011.1,Melakukan PMC pada Soil Stabilizer,Menyiapkan pelaksanaan PMC Soil Stabilizer,prosedur pemeriksaan baterai level electrolyte diidentifikasi
Mekanik,M.74MAB02.011.1,Melakukan PMC pada Soil Stabilizer,Menyiapkan pelaksanaan PMC Soil Stabilizer,diagnostic tools soil stabilizer diidentifikasi
Mekanik,M.74MAB02.011.1,Melakukan PMC pada Soil Stabilizer,Menyiapkan pelaksanaan PMC Soil Stabilizer,prosedur pengukuran tekanan oli hydraulic drive system diidentifikasi .
Mekanik,M.74MAB02.011.1,Melakukan PMC pada Soil Stabilizer,Memastikan performance Engine,pengukuran engine speed dilakukan sesuai service manual
Mekanik,M.74MAB02.011.1,Melakukan PMC pada Soil Stabilizer,Memastikan performance Engine,pengukuran engine oil pressure dilakukan sesuai prosedur
Mekanik,M.74MAB02.011.1,Melakukan PMC pada Soil Stabilizer,Memastikan performance Engine,pengukuran engine blow by pressure dilakukan sesuai manual
Mekanik,M.74MAB02.011.1,Melakukan PMC pada Soil Stabilizer,Memastikan performance Engine,hasil pengukuran dibuat kesimpulan .
Mekanik,M.74MAB02.012.1,Melakukan PMC pada Mobile Crane,Memastikan kondisi Tyre dan Rim,pemeriksaan keausan tyre dilakukan sesuai prosedur
Mekanik,M.74MAB02.012.1,Melakukan PMC pada Mobile Crane,Memastikan kondisi Tyre dan Rim,pemeriksaan rim tyre visual dilakukan
Mekanik,M.74MAB02.012.1,Melakukan PMC pada Mobile Crane,Memastikan kondisi Tyre dan Rim,pemeriksaan wheel alignment dilakukan
Mekanik,M.74MAB02.012.1,Melakukan PMC pada Mobile Crane,Memastikan kondisi Tyre dan Rim,hasil pemeriksaan dicatat maintenance historical record .
Mekanik,M.74MAB02.013.1,Melakukan PMC pada Forklift,Memastikan level dan spesifikasi oli,komponen forklift memerlukan pelumasan diidentifikasi berdasarkan operation and maintenance manual omm sesuai prosedur.
Mekanik,M.74MAB02.015.1,Melakukan PMC pada Traktor Pertanian,Menyiapkan pelaksanaan PMC Traktor,kondisi normal fisik hose diidentifikasi
Mekanik,M.74MAB02.015.1,Melakukan PMC pada Traktor Pertanian,Menyiapkan pelaksanaan PMC Traktor,prosedur pemeriksaan abnormality hose diidentifikasi
Mekanik,M.74MAB02.015.1,Melakukan PMC pada Traktor Pertanian,Menyiapkan pelaksanaan PMC Traktor,kondisi greasing points diidentifikasi
Mekanik,M.74MAB02.015.1,Melakukan PMC pada Traktor Pertanian,Menyiapkan pelaksanaan PMC Traktor,prosedur pemeriksaan tekanan udara tyre diidentifikasi .
Mekanik,M.74MAB02.018.1,Melakukan Overhaul Engine,Melakukan bongkar pasang (dis-assy/assy) Engine,pemeriksaan komponen electric engine dilakukan
Mekanik,M.74MAB02.018.1,Melakukan Overhaul Engine,Melakukan bongkar pasang (dis-assy/assy) Engine,pemeriksaan sensor pressure oli engine dilakukan
Mekanik,M.74MAB02.018.1,Melakukan Overhaul Engine,Melakukan bongkar pasang (dis-assy/assy) Engine,pemeriksaan sensor speed engine dilakukan
Mekanik,M.74MAB02.018.1,Melakukan Overhaul Engine,Melakukan bongkar pasang (dis-assy/assy) Engine,pengukuran pressure oli engine dilakukan sesuai service manual .
Teknisi Akuntansi,M.69PTA00.001.3,Memproses Entri Jurnal,Memeriksa dokumen sumber dan pendukung,dokumen sumber pendukung diidentifikasi
Teknisi Akuntansi,M.69PTA00.001.3,Memproses Entri Jurnal,Memeriksa dokumen sumber dan pendukung,dokumen sumber pendukung diperiksa.
Teknisi Akuntansi,M.69PTA00.001.3,Memproses Entri Jurnal,Mencatat dokumen sumber ke dalam jurnal,dokumen sumber dicatat dalam jurnal akurat sesuai standar berlaku
Teknisi Akuntansi,M.69PTA00.001.3,Memproses Entri Jurnal,Mencatat dokumen sumber ke dalam jurnal,transaksi tepat dialokasikan dalam akun
Teknisi Akuntansi,M.69PTA00.001.3,Memproses Entri Jurnal,Mencatat dokumen sumber ke dalam jurnal,pencatatan jurnal diverifikasi diotorisasi sesuai kebijakan prosedur perusahaan.
Teknisi Akuntansi,M.69PTA00.001.3,Memproses Entri Jurnal,Mengarsipkan dokumen sumber dan pendukung,dokumen sumber pendukung disimpan sesuai kebijakan prosedur perusahaan
Teknisi Akuntansi,M.69PTA00.001.3,Memproses Entri Jurnal,Mengarsipkan dokumen sumber dan pendukung,arsip dokumen diakses ditelusuri sesuai kebijakan prosedur perusahaan.
Teknisi Akuntansi,M.69PTA00.002.1,Mengelola Akun Dalam Laporan Keuangan,Mempersiapkan verifikasi atau rekonsiliasi atas pengelolaan akun,"peralatan, perlengkapan format kertas kerja disediakan sesuai karakteristik kebutuhan perusahaan"
Teknisi Akuntansi,M.69PTA00.002.1,Mengelola Akun Dalam Laporan Keuangan,Mempersiapkan verifikasi atau rekonsiliasi atas pengelolaan akun,pengelolaan akun laporan keuangan diidentifikasi
Teknisi Akuntansi,M.69PTA00.002.1,Mengelola Akun Dalam Laporan Keuangan,Mempersiapkan verifikasi atau rekonsiliasi atas pengelolaan akun,data transaksi penggunaan akun terpilih disediakan.
Teknisi Akuntansi,M.69PTA00.002.1,Mengelola Akun Dalam Laporan Keuangan,Melakukan pembukuan mutasi akun,"saldo awal akun, data mutasi akun saldo akhir akun diidentifikasi"
Teknisi Akuntansi,M.69PTA00.002.1,Mengelola Akun Dalam Laporan Keuangan,Melakukan pembukuan mutasi akun,data mutasi akun diverifikasi sesuai ketentuan
Teknisi Akuntansi,M.69PTA00.002.1,Mengelola Akun Dalam Laporan Keuangan,Melakukan pembukuan mutasi akun,data mutasi akun dibukukan sesuai ketentuan
Teknisi Akuntansi,M.69PTA00.002.1,Mengelola Akun Dalam Laporan Keuangan,Melakukan pembukuan mutasi akun,saldo akhir akun diverifikasi sesuai ketentuan.
Teknisi Akuntansi,M.69PTA00.002.1,Mengelola Akun Dalam Laporan Keuangan,Melakukan verifikasi atau rekonsiliasi data akun,kegiatan verifikasi rekonsiliasi data akun dilaksanakan
Teknisi Akuntansi,M.69PTA00.002.1,Mengelola Akun Dalam Laporan Keuangan,Melakukan verifikasi atau rekonsiliasi data akun,selisih data buku data hasil verifikasi rekonsiliasi diidentifikasi
Teknisi Akuntansi,M.69PTA00.002.1,Mengelola Akun Dalam Laporan Keuangan,Melakukan verifikasi atau rekonsiliasi data akun,laporanberita acara verifikasi rekonsiliasi data akun dibuat sesuai kebijakan prosedur perusahaan
Teknisi Akuntansi,M.69PTA00.002.1,Mengelola Akun Dalam Laporan Keuangan,Melakukan verifikasi atau rekonsiliasi data akun,laporanberita acara verifikasi rekonsiliasi data akun dianalisis sesuai ketentuan.
Teknisi Akuntansi,M.69PTA00.003.3,Memproses Buku Besar,Mempersiapkan pengelolaan buku besar,"peralatan, perlengkapan format kertas kerja dibutuhkan pengelolaan buku besar disediakan"
Teknisi Akuntansi,M.69PTA00.003.3,Memproses Buku Besar,Mempersiapkan pengelolaan buku besar,dokumen sumber rekapitulasi jurnal diidentifikasi.
Teknisi Akuntansi,M.69PTA00.003.3,Memproses Buku Besar,Membukukan jumlah angka dari jurnal ke buku besar,akunakun buku besar diidentifikasi
Teknisi Akuntansi,M.69PTA00.003.3,Memproses Buku Besar,Membukukan jumlah angka dari jurnal ke buku besar,jumlah ada rekapitulasi jurnal dibukukan sesuai ketentuan.
Teknisi Akuntansi,M.69PTA00.003.3,Memproses Buku Besar,Menyusun daftar saldo akun dalam buku besar,daftar saldo akun buku besar disajikan sesuai ketentuan
Teknisi Akuntansi,M.69PTA00.003.3,Memproses Buku Besar,Menyusun daftar saldo akun dalam buku besar,saldo akun buku besar dipastikan kebenarannya.
Teknisi Akuntansi,M.69PTA00.004.3,Menyusun Laporan Keuangan Entitas Tunggal untuk Skala UMKM,Mencatat jurnal penyesuaian,dokumen sumber penyesuaian diidentifikasi
Teknisi Akuntansi,M.69PTA00.004.3,Menyusun Laporan Keuangan Entitas Tunggal untuk Skala UMKM,Mencatat jurnal penyesuaian,akunakun memerlukan penyesuaian diidentifikasi
Teknisi Akuntansi,M.69PTA00.004.3,Menyusun Laporan Keuangan Entitas Tunggal untuk Skala UMKM,Mencatat jurnal penyesuaian,jurnal penyesuaian dicatat sesuai ketentuan.
Teknisi Akuntansi,M.69PTA00.004.3,Menyusun Laporan Keuangan Entitas Tunggal untuk Skala UMKM,Menyajikan laporan keuangan,laporan posisi keuangan akhir periode disajikan sesuai standar berlaku
Teknisi Akuntansi,M.69PTA00.004.3,Menyusun Laporan Keuangan Entitas Tunggal untuk Skala UMKM,Menyajikan laporan keuangan,laporan laba rugi selama periode disajikan sesuai standar berlaku
Teknisi Akuntansi,M.69PTA00.004.3,Menyusun Laporan Keuangan Entitas Tunggal untuk Skala UMKM,Menyajikan laporan keuangan,catatan atas laporan keuangan disajikan sesuai standar berlaku.
Teknisi Akuntansi,M.69PTA00.005.3,Menyusun Laporan Keuangan UMKM dengan Aplikasi Komputer,Menyusun data setup awal dan saldo awal,daftar akun disusun saldo awal akun dientri
Teknisi Akuntansi,M.69PTA00.005.3,Menyusun Laporan Keuangan UMKM dengan Aplikasi Komputer,Menyusun data setup awal dan saldo awal,kode pajak disiapkan sesuai ketentuan
Teknisi Akuntansi,M.69PTA00.005.3,Menyusun Laporan Keuangan UMKM dengan Aplikasi Komputer,Menyusun data setup awal dan saldo awal,datadata pengelolaan akun laporan keuangan dientri.
Teknisi Akuntansi,M.69PTA00.005.3,Menyusun Laporan Keuangan UMKM dengan Aplikasi Komputer,Melakukan entri transaksi,transaksi akan dientri diidentifikasi
Teknisi Akuntansi,M.69PTA00.005.3,Menyusun Laporan Keuangan UMKM dengan Aplikasi Komputer,Melakukan entri transaksi,transaksi dientri menggunakan menu tepat
Teknisi Akuntansi,M.69PTA00.005.3,Menyusun Laporan Keuangan UMKM dengan Aplikasi Komputer,Melakukan entri transaksi,penyesuaian data dientri.
Teknisi Akuntansi,M.69PTA00.006.1,Menyusun Laporan Keuangan Entitas Tunggal Keseluruhan Skala Usaha,Menyajikan laporan keuangan,laporan posisi keuangan per tanggal pelaporan disajikan
Teknisi Akuntansi,M.69PTA00.006.1,Menyusun Laporan Keuangan Entitas Tunggal Keseluruhan Skala Usaha,Menyajikan laporan keuangan,laporan penghasilan komprehensif disajikan
Teknisi Akuntansi,M.69PTA00.006.1,Menyusun Laporan Keuangan Entitas Tunggal Keseluruhan Skala Usaha,Menyajikan laporan keuangan,laporan perubahan ekuitas disajikan
Teknisi Akuntansi,M.69PTA00.006.1,Menyusun Laporan Keuangan Entitas Tunggal Keseluruhan Skala Usaha,Menyajikan laporan keuangan,laporan arus kas disajikan
Teknisi Akuntansi,M.69PTA00.006.1,Menyusun Laporan Keuangan Entitas Tunggal Keseluruhan Skala Usaha,Menyajikan laporan keuangan,catatan atas laporan keuangan disajikan.
Teknisi Akuntansi,M.69PTA00.016.1,Memberikan Dukungan Penilaian Risiko,Memberikan dukungan teknis administrasi dokumen pra-perikatan,surat perikatan disiapkan sesuai ketentuan
Teknisi Akuntansi,M.69PTA00.016.1,Memberikan Dukungan Penilaian Risiko,Memberikan dukungan teknis administrasi dokumen pra-perikatan,surat tugas disiapkan sesuai ketentuan
Teknisi Akuntansi,M.69PTA00.016.1,Memberikan Dukungan Penilaian Risiko,Memberikan dukungan teknis administrasi dokumen pra-perikatan,pernyataan independensi disiapkan sesuai ketentuan.
Teknisi Akuntansi,M.69PTA00.016.1,Memberikan Dukungan Penilaian Risiko,Melakukan prosedur analitis awal,pemahaman entitas lingkungan termasuk pengendalian internal didokumentasikan
Teknisi Akuntansi,M.69PTA00.016.1,Memberikan Dukungan Penilaian Risiko,Melakukan prosedur analitis awal,prosedur analitis awal disajikan sesuai standar berlaku
Teknisi Akuntansi,M.69PTA00.016.1,Memberikan Dukungan Penilaian Risiko,Melakukan prosedur analitis awal,pekerjaan sendiri pekerjaan orang ditelaah sesuai ketentuan.
Teknisi Akuntansi,M.69PTA00.013.1,Melakukan Pemenuhan Pajak Orang Pribadi,Menyiapkan data perpajakan,dokumen pendukung pajak diidentifikasi
Teknisi Akuntansi,M.69PTA00.013.1,Melakukan Pemenuhan Pajak Orang Pribadi,Menyiapkan data perpajakan,perhitungan pajak terutang dilakukan sesuai regulasi
Teknisi Akuntansi,M.69PTA00.013.1,Melakukan Pemenuhan Pajak Orang Pribadi,Menyiapkan data perpajakan,draft spt disiapkan sesuai ketentuan.
Teknisi Akuntansi,M.69PTA00.018.1,Dukungan Penyusunan Laporan Auditor Independen,Menyiapkan administrasi laporan,draft laporan auditor disiapkan
Teknisi Akuntansi,M.69PTA00.018.1,Dukungan Penyusunan Laporan Auditor Independen,Menyiapkan administrasi laporan,dokumen pendukung opini dikompilasi
Teknisi Akuntansi,M.69PTA00.018.1,Dukungan Penyusunan Laporan Auditor Independen,Menyiapkan administrasi laporan,administrasi finalisasi laporan diselesaikan sesuai prosedur.
Game Designer,J.62GIM00.001.2,Membuat Ide Konsep Game (Game Concept),Menentukan bentuk produk game,visi game diidentifikasi
Game Designer,J.62GIM00.001.2,Membuat Ide Konsep Game (Game Concept),Menentukan bentuk produk game,target audiens ditentukan
Game Designer,J.62GIM00.001.2,Membuat Ide Konsep Game (Game Concept),Menentukan bentuk produk game,platform tujuan ditetapkan
Game Designer,J.62GIM00.001.2,Membuat Ide Konsep Game (Game Concept),Menentukan bentuk produk game,genre mekanisme inti diidentifikasi.
Game Designer,J.62GIM00.011.2,Membuat Desain Teknik Game (Game Technical Design),Menerjemahkan konsep desain teknik game,"bentuk game, fitur mekanika dibuat berdasarkan konsep teknik game"
Game Designer,J.62GIM00.011.2,Membuat Desain Teknik Game (Game Technical Design),Menerjemahkan konsep desain teknik game,desain teknik game dibuat sesuai tujuan konsep teknik game.
Game Designer,J.62GIM00.011.2,Membuat Desain Teknik Game (Game Technical Design),Melakukan uji coba dan pengukuran kesuksesan,desain teknis diuji coba purwarupa produk game sesuai konsep
Game Designer,J.62GIM00.011.2,Membuat Desain Teknik Game (Game Technical Design),Melakukan uji coba dan pengukuran kesuksesan,desain teknik game diukur tingkat kesuksesannya.
Game Designer,J.62GIM00.013.2,Membuat Desain Narasi Game (Game Narrative Design),Membuat komponen desain narasi game,"tujuan pengukuran kesuksesan tema, cerita, setting diidentifikasi"
Game Designer,J.62GIM00.013.2,Membuat Desain Narasi Game (Game Narrative Design),Membuat komponen desain narasi game,"tema, cerita, setting dibuat sinkron konsep narasi game."
Game Artist,J.62GIM00.020.2,Membuat Dokumen Perancangan Artistik (ADD),Menentukan konsep artistik utama,referensi visual dikumpulkan
Game Artist,J.62GIM00.020.2,Membuat Dokumen Perancangan Artistik (ADD),Menentukan konsep artistik utama,gaya visual ditetapkan art style
Game Artist,J.62GIM00.020.2,Membuat Dokumen Perancangan Artistik (ADD),Menentukan konsep artistik utama,palet warna atmosfer lingkungan ditentukan.
Game Artist,J.62GIM00.033.2,Melakukan Integrasi Objek Statis ke Game Engine,Mempersiapkan aset statis,aset statis diperiksa kelengkapannya
Game Artist,J.62GIM00.033.2,Melakukan Integrasi Objek Statis ke Game Engine,Mempersiapkan aset statis,format file dipastikan sesuai kebutuhan engine.
Game Programmer,J.62GIM00.041.1,Menerapkan Standar Kualitas Pemrograman Game,Mengimplementasikan standar kualitas,standar kualitas pemrograman diidentifikasi berdasarkan pedoman
Game Programmer,J.62GIM00.041.1,Menerapkan Standar Kualitas Pemrograman Game,Mengimplementasikan standar kualitas,kode pemrograman dibuat sesuai pedoman implementasi standar.
Game Programmer,J.62GIM00.041.1,Menerapkan Standar Kualitas Pemrograman Game,Mendokumentasikan hasil penerapan standar,kode pemrograman ditinjau berdasarkan pedoman teknis
Game Programmer,J.62GIM00.041.1,Menerapkan Standar Kualitas Pemrograman Game,Mendokumentasikan hasil penerapan standar,hasil tinjauan kode didokumentasikan.
Game Programmer,J.62GIM00.044.1,Mengimplementasikan User Interface,Menyiapkan aset UI,aset visual ui diidentifikasi sesuai gdd
Game Programmer,J.62GIM00.044.1,Mengimplementasikan User Interface,Menyiapkan aset UI,kebutuhan teknis implementasi ui dipetakan.
Game Programmer,J.62GIM00.045.1,Mengintegrasikan Backend Service,Menghubungkan game ke server,api backend diidentifikasi
Game Programmer,J.62GIM00.045.1,Mengintegrasikan Backend Service,Menghubungkan game ke server,autentikasi pengguna diimplementasikan
Game Programmer,J.62GIM00.045.1,Mengintegrasikan Backend Service,Menghubungkan game ke server,sinkronisasi data pemain dilakukan.
Game Programmer,J.62GIM00.046.2,Melakukan Proses Game Debugging,Mengidentifikasi bug,errorcrash log dianalisis
Game Programmer,J.62GIM00.046.2,Melakukan Proses Game Debugging,Mengidentifikasi bug,langkahlangkah reproduksi bug didokumentasikan
Game Programmer,J.62GIM00.046.2,Melakukan Proses Game Debugging,Mengidentifikasi bug,skala prioritas perbaikan bug ditentukan.
Game Programmer,J.62GIM00.047.2,Mengimplementasikan Optimasi Kinerja Game,Melakukan profiling kinerja,penggunaan memori cpu dipantau
Game Programmer,J.62GIM00.047.2,Mengimplementasikan Optimasi Kinerja Game,Melakukan profiling kinerja,titik hambat bottleneck kinerja diidentifikasi.
Quality Assurance,J.62GIM00.048.1,Menganalisis Kualitas Teknis Game,Melakukan pengujian teknis,skenario pengujian disusun
Quality Assurance,J.62GIM00.048.1,Menganalisis Kualitas Teknis Game,Melakukan pengujian teknis,pengujian fungsionalitas fitur dilakukan menyeluruh.
Technical Lead,J.62GIM00.049.1,Menganalisis Risiko Teknis Game,Mengidentifikasi potensi risiko teknis,keterbatasan platform dianalisis
Technical Lead,J.62GIM00.049.1,Menganalisis Risiko Teknis Game,Mengidentifikasi potensi risiko teknis,risiko integrasi teknologi pihak ketiga dipetakan.
LiveOps/DevOps,J.62GIM00.050.1,Melakukan Pembaharuan Video Game,Menyiapkan konten pembaruan,konten baru perbaikan bug dikompilasi
LiveOps/DevOps,J.62GIM00.050.1,Melakukan Pembaharuan Video Game,Menyiapkan konten pembaruan,versi aplikasi versioning dikelola sesuai prosedur.
Product Manager,J.62GIM00.051.2,Melakukan Analisis Pasar (Market Research),Mengidentifikasi tren pasar,data kompetitor sejenis dianalisis
Product Manager,J.62GIM00.051.2,Melakukan Analisis Pasar (Market Research),Mengidentifikasi tren pasar,potensi monetisasi diidentifikasi berdasarkan perilaku pasar.
Product Manager,J.62GIM00.052.2,Membuat Perencanaan Bisnis,Menyusun model bisnis,proyeksi pendapatan dibuat
Product Manager,J.62GIM00.052.2,Membuat Perencanaan Bisnis,Menyusun model bisnis,strategi pemasaran distribusi direncanakan.
Product Manager,J.62GIM00.054.2,Menuliskan Spesifikasi atau User Story,Mendetailkan fitur game,deskripsi fitur ditulis format user story
Product Manager,J.62GIM00.054.2,Menuliskan Spesifikasi atau User Story,Mendetailkan fitur game,kriteria keberimaan acceptance criteria ditetapkan setiap fitur.
Product Manager,J.62GIM00.059.2,Melakukan Analisis Data Performa Bisnis,Menganalisis data metrik,data retensi pemain diolah
Product Manager,J.62GIM00.059.2,Melakukan Analisis Data Performa Bisnis,Menganalisis data metrik,hipotesis rekomendasi meningkatkan objektif bisnis dibuat tepat.
Game Director,J.62GIM00.060.2,Mengarahkan Visi dan Identitas Game,Menyusun visi dan identitas,visi game dibuat berdasarkan visi perusahaanpeluang pasar
Game Director,J.62GIM00.060.2,Mengarahkan Visi dan Identitas Game,Menyusun visi dan identitas,identitas video game pilar utama dibuat berdasarkan visi tersebut.
Game Artist,J.62GIM00.021.2,Membuat Konsep Seni (Concept Art),Menentukan komponen konsep seni,referensi visual dikumpulkan
Game Artist,J.62GIM00.021.2,Membuat Konsep Seni (Concept Art),Menentukan komponen konsep seni,sketsa kasar dibuat sesuai arahan
Game Artist,J.62GIM00.021.2,Membuat Konsep Seni (Concept Art),Menentukan komponen konsep seni,variasi desain elemen karakterlingkungan dibuat.
Game Artist,J.62GIM00.022.2,Membuat Aset Visual 2D,Mempersiapkan pembuatan aset 2D,spesifikasi teknis aset diidentifikasi
Game Artist,J.62GIM00.022.2,Membuat Aset Visual 2D,Mempersiapkan pembuatan aset 2D,sketsa dasar aset 2d dibuat
Game Artist,J.62GIM00.022.2,Membuat Aset Visual 2D,Mempersiapkan pembuatan aset 2D,pewarnaan detail diselesaikan.
Game Artist,J.62GIM00.023.2,Membuat Model Objek 3D,Membangun geometri objek 3D,topologi mesh dibuat efisien
Game Artist,J.62GIM00.023.2,Membuat Model Objek 3D,Membangun geometri objek 3D,proporsi model disesuaikan referensi
Game Artist,J.62GIM00.023.2,Membuat Model Objek 3D,Membangun geometri objek 3D,teknik modeling diterapkan sesuai engine.
Game Artist,J.62GIM00.024.2,Membuat Tekstur Objek 3D,Melakukan pemetaan UV (Unwrap),koordinat uv diatur distorsi
Game Artist,J.62GIM00.024.2,Membuat Tekstur Objek 3D,Melakukan pemetaan UV (Unwrap),material pbr diaplikasikan
Game Artist,J.62GIM00.024.2,Membuat Tekstur Objek 3D,Melakukan pemetaan UV (Unwrap),texture map diekspor sesuai standar.
Game Artist,J.62GIM00.025.2,Membuat Sistem Tulang (Rigging),Menentukan struktur tulang,hierarki jointbone dibuat
Game Artist,J.62GIM00.025.2,Membuat Sistem Tulang (Rigging),Menentukan struktur tulang,kontroler animasi dipasang
Game Artist,J.62GIM00.025.2,Membuat Sistem Tulang (Rigging),Menentukan struktur tulang,weight painting dilakukan halus.
Game Artist,J.62GIM00.026.2,Membuat Animasi Objek,Menggerakkan objek/karakter,keyframe diatur sesuai durasi
Game Artist,J.62GIM00.026.2,Membuat Animasi Objek,Menggerakkan objek/karakter,prinsip animasi diterapkan
Game Artist,J.62GIM00.026.2,Membuat Animasi Objek,Menggerakkan objek/karakter,loop animasi dipastikan mulus.
Game Artist,J.62GIM00.027.2,Membuat Efek Visual (VFX),Merancang sistem partikel,emisi durasi partikel diatur
Game Artist,J.62GIM00.027.2,Membuat Efek Visual (VFX),Merancang sistem partikel,shader efek dibuat
Game Artist,J.62GIM00.027.2,Membuat Efek Visual (VFX),Merancang sistem partikel,efek diselaraskan gameplay.
Game Artist,J.62GIM00.028.2,Membuat Desain Antarmuka (UI),Merancang tata letak UI,wireframe antarmuka dibuat
Game Artist,J.62GIM00.028.2,Membuat Desain Antarmuka (UI),Merancang tata letak UI,aset visual ikontombol didesain
Game Artist,J.62GIM00.028.2,Membuat Desain Antarmuka (UI),Merancang tata letak UI,navigasi dipastikan userfriendly.
Game Artist,J.62GIM00.029.2,Membuat Level Environment,Menyusun komposisi level,aset diletakkan sesuai layout
Game Artist,J.62GIM00.029.2,Membuat Level Environment,Menyusun komposisi level,pencahayaan lighting diatur
Game Artist,J.62GIM00.029.2,Membuat Level Environment,Menyusun komposisi level,navigasi lingkungan diuji coba.
Game Artist,J.62GIM00.030.2,Membuat Desain Audio Game,Memproduksi aset suara,sfx bgm direkamdiedit
Game Artist,J.62GIM00.030.2,Membuat Desain Audio Game,Memproduksi aset suara,format file audio disesuaikan
Game Artist,J.62GIM00.030.2,Membuat Desain Audio Game,Memproduksi aset suara,kualitas audio diperiksa.
Programmer,J.62GIM00.034.2,Melakukan Integrasi Animasi,Mengatur Animation State Machine,klip animasi diimpor engine
Programmer,J.62GIM00.034.2,Melakukan Integrasi Animasi,Mengatur Animation State Machine,transisi antar animasi diatur
Programmer,J.62GIM00.034.2,Melakukan Integrasi Animasi,Mengatur Animation State Machine,logika pemicu trigger dihubungkan kode.
Programmer,J.62GIM00.035.2,Melakukan Integrasi Audio,Mengimplementasikan audio engine,audio listener ditempatkan
Programmer,J.62GIM00.035.2,Melakukan Integrasi Audio,Mengimplementasikan audio engine,sound mixer diatur volumenya
Programmer,J.62GIM00.035.2,Melakukan Integrasi Audio,Mengimplementasikan audio engine,pemicu suara dipasang event game.
Programmer,J.62GIM00.036.2,Melakukan Integrasi UI,Membangun fungsionalitas menu,canvas ui diatur skalanya
Programmer,J.62GIM00.036.2,Melakukan Integrasi UI,Membangun fungsionalitas menu,event klik tombol dihubungkan fungsi
Programmer,J.62GIM00.036.2,Melakukan Integrasi UI,Membangun fungsionalitas menu,data game ditampilkan layar hud.
Programmer,J.62GIM00.038.2,Mengimplementasikan AI,Membangun perilaku NPC,logika pengambilan keputusan dibuat
Programmer,J.62GIM00.038.2,Mengimplementasikan AI,Membangun perilaku NPC,pathfinding navmesh diimplementasikan
Programmer,J.62GIM00.038.2,Mengimplementasikan AI,Membangun perilaku NPC,ai diuji berbagai skenario.
Programmer,J.62GIM00.039.2,Mengimplementasikan Multiplayer,Membangun sinkronisasi data,arsitektur jaringan ditentukan
Programmer,J.62GIM00.039.2,Mengimplementasikan Multiplayer,Membangun sinkronisasi data,sinkronisasi posisi pemain dilakukan
Programmer,J.62GIM00.039.2,Mengimplementasikan Multiplayer,Membangun sinkronisasi data,latency ping dikelola.
Programmer,J.62GIM00.040.2,Mengimplementasikan Monetisasi,Integrasi layanan IAP,katalog produk toko disiapkan
Programmer,J.62GIM00.040.2,Mengimplementasikan Monetisasi,Integrasi layanan IAP,proses transaksi dihubungkan api
Programmer,J.62GIM00.040.2,Mengimplementasikan Monetisasi,Integrasi layanan IAP,validasi pembelian dilakukan.
Programmer,J.62GIM00.042.1,Membuat Struktur Data,Memilih tipe data yang efisien,struktur data dipilih sesuai kebutuhan
Programmer,J.62GIM00.042.1,Membuat Struktur Data,Memilih tipe data yang efisien,algoritma logika game dioptimasi
Programmer,J.62GIM00.042.1,Membuat Struktur Data,Memilih tipe data yang efisien,penggunaan memori dipantau.
Programmer,J.62GIM00.043.1,Menerapkan Mekanika Game,Membangun sistem interaksi,logika input kendali dibuat
Programmer,J.62GIM00.043.1,Menerapkan Mekanika Game,Membangun sistem interaksi,sistem collision tabrakan diterapkan
Programmer,J.62GIM00.043.1,Menerapkan Mekanika Game,Membangun sistem interaksi,aturan mekanika diimplementasikan.
Programmer,J.62GIM00.046.2,Melakukan Debugging,Mengidentifikasi kesalahan kode,error log dianalisis
Programmer,J.62GIM00.046.2,Melakukan Debugging,Mengidentifikasi kesalahan kode,langkah reproduksi bug ditemukan
Programmer,J.62GIM00.046.2,Melakukan Debugging,Mengidentifikasi kesalahan kode,perbaikan kode dilakukan divalidasi.
Programmer,J.62GIM00.047.2,Mengimplementasikan Optimasi,Melakukan profiling kinerja,bottleneck gpucpu dideteksi
Programmer,J.62GIM00.047.2,Mengimplementasikan Optimasi,Melakukan profiling kinerja,draw calls dikurangi
Programmer,J.62GIM00.047.2,Mengimplementasikan Optimasi,Melakukan profiling kinerja,load balancing dilakukan.
Game Designer,J.62GIM00.002.2,Membuat Mekanika Game,Menentukan aturan permainan,sistem tantangan didefinisikan
Game Designer,J.62GIM00.002.2,Membuat Mekanika Game,Menentukan aturan permainan,mekanisme reward ditentukan
Game Designer,J.62GIM00.002.2,Membuat Mekanika Game,Menentukan aturan permainan,parameter balancing awal dibuat.
Game Designer,J.62GIM00.003.2,Membuat Desain Level,Merancang alur permainan,flowchart level dibuat
Game Designer,J.62GIM00.003.2,Membuat Desain Level,Merancang alur permainan,penempatan rintangan dipetakan
Game Designer,J.62GIM00.003.2,Membuat Desain Level,Merancang alur permainan,pacing ritme level ditentukan.
Game Designer,J.62GIM00.004.2,Membuat Sistem Ekonomi Game,Merancang struktur ekonomi,sumber pendapatan pemain diatur
Game Designer,J.62GIM00.004.2,Membuat Sistem Ekonomi Game,Merancang struktur ekonomi,pengeluaran sink dirancang
Game Designer,J.62GIM00.004.2,Membuat Sistem Ekonomi Game,Merancang struktur ekonomi,inflasi game dihindari.
QA Tester,J.62GIM00.055.1,Membuat Rencana Pengujian,Menyusun strategi QA,cakupan fitur ditentukan
QA Tester,J.62GIM00.055.1,Membuat Rencana Pengujian,Menyusun strategi QA,jadwal testing dibuat
QA Tester,J.62GIM00.055.1,Membuat Rencana Pengujian,Menyusun strategi QA,metodologi pengujian dipilih.
QA Tester,J.62GIM00.056.1,Melakukan Pengujian Fungsional,Mengeksekusi test case,skenario uji dijalankan
QA Tester,J.62GIM00.056.1,Melakukan Pengujian Fungsional,Mengeksekusi test case,temuan penyimpangan dicatat
QA Tester,J.62GIM00.056.1,Melakukan Pengujian Fungsional,Mengeksekusi test case,laporan bug dikirim tim dev.
Project Manager,J.62GIM00.053.1,Mengelola Jadwal Produksi,Membuat timeline proyek,milestone produksi ditetapkan
Project Manager,J.62GIM00.053.1,Mengelola Jadwal Produksi,Membuat timeline proyek,deadline tiap sprint ditentukan
Project Manager,J.62GIM00.053.1,Mengelola Jadwal Produksi,Membuat timeline proyek,progress kerja dipantau berkala.
Project Manager,J.62GIM00.058.1,Mengelola Tim Pengembang,Melakukan koordinasi tim,tugas didistribusikan anggota
Project Manager,J.62GIM00.058.1,Mengelola Tim Pengembang,Melakukan koordinasi tim,konflik tim diselesaikan
Project Manager,J.62GIM00.058.1,Mengelola Tim Pengembang,Melakukan koordinasi tim,rapat sinkronisasi daily standup dilakukan.
Product Manager,J.62GIM00.054.2,Menuliskan Spesifikasi,Membuat User Story,kebutuhan fitur dijabarkan
Product Manager,J.62GIM00.054.2,Menuliskan Spesifikasi,Membuat User Story,acceptance criteria ditentukan
Product Manager,J.62GIM00.054.2,Menuliskan Spesifikasi,Membuat User Story,prioritas backlog diatur.
Technical Lead,J.62GIM00.049.1,Menganalisis Risiko Teknis,Pemetaan potensi kendala,limitasi hardware dianalisis
Technical Lead,J.62GIM00.049.1,Menganalisis Risiko Teknis,Pemetaan potensi kendala,risiko pihak ketiga plugin dievaluasi
Technical Lead,J.62GIM00.049.1,Menganalisis Risiko Teknis,Pemetaan potensi kendala,rencana mitigasi risiko dibuat.
Community Manager,J.62GIM00.061.1,Mengelola Komunitas,Membangun keterlibatan pemain,feedback pemain dikumpulkan
Community Manager,J.62GIM00.061.1,Mengelola Komunitas,Membangun keterlibatan pemain,pengumuman update dipublikasikan
Community Manager,J.62GIM00.061.1,Mengelola Komunitas,Membangun keterlibatan pemain,moderator komunitas dikelola.
Operasional Logistik,H.52LOG00.001.2,Menyusun Rencana Operasional Logistik,Mengidentifikasi kebutuhan operasional logistik,data permintaan pelanggan dikumpulkan
Operasional Logistik,H.52LOG00.001.2,Menyusun Rencana Operasional Logistik,Mengidentifikasi kebutuhan operasional logistik,kapasitas sumber daya internal diidentifikasi
Operasional Logistik,H.52LOG00.001.2,Menyusun Rencana Operasional Logistik,Mengidentifikasi kebutuhan operasional logistik,kendala operasional dipetakan.
Operasional Logistik,H.52LOG00.001.2,Menyusun Rencana Operasional Logistik,Menetapkan jadwal operasional,prioritas pengiriman ditentukan
Operasional Logistik,H.52LOG00.001.2,Menyusun Rencana Operasional Logistik,Menetapkan jadwal operasional,alokasi armada personel dijadwalkan
Operasional Logistik,H.52LOG00.001.2,Menyusun Rencana Operasional Logistik,Menetapkan jadwal operasional,rencana operasional disahkan atasan.
Gudang (Warehouse),H.52LOG00.002.2,Melaksanakan Penerimaan Barang,Menyiapkan dokumen penerimaan,dokumen pengiriman diperiksa kelengkapannya
Gudang (Warehouse),H.52LOG00.002.2,Melaksanakan Penerimaan Barang,Menyiapkan dokumen penerimaan,daftar cek checklist penerimaan disiapkan
Gudang (Warehouse),H.52LOG00.002.2,Melaksanakan Penerimaan Barang,Menyiapkan dokumen penerimaan,area bongkar muat dipastikan siap.
Gudang (Warehouse),H.52LOG00.002.2,Melaksanakan Penerimaan Barang,Melakukan verifikasi fisik barang,jumlah kondisi fisik barang dicocokkan dokumen
Gudang (Warehouse),H.52LOG00.002.2,Melaksanakan Penerimaan Barang,Melakukan verifikasi fisik barang,barang rusak tidak sesuai dipisahkan
Gudang (Warehouse),H.52LOG00.002.2,Melaksanakan Penerimaan Barang,Melakukan verifikasi fisik barang,berita acara penerimaan ditandatangani.
Gudang (Warehouse),H.52LOG00.003.2,Melaksanakan Penyimpanan Barang,Menentukan lokasi penyimpanan,karakteristik barang diidentifikasi suhuberatbahaya
Gudang (Warehouse),H.52LOG00.003.2,Melaksanakan Penyimpanan Barang,Menentukan lokasi penyimpanan,lokasi rakbin ditentukan sesuai sistem fifolifo
Gudang (Warehouse),H.52LOG00.003.2,Melaksanakan Penyimpanan Barang,Menentukan lokasi penyimpanan,label lokasi dipasang barang.
Gudang (Warehouse),H.52LOG00.004.2,Melaksanakan Administrasi Pergudangan,Melakukan pencatatan data barang,data mutasi barang dimasukkan sistemkartu stok
Gudang (Warehouse),H.52LOG00.004.2,Melaksanakan Administrasi Pergudangan,Melakukan pencatatan data barang,dokumen masukkeluar diarsipkan sesuai prosedur
Gudang (Warehouse),H.52LOG00.004.2,Melaksanakan Administrasi Pergudangan,Melakukan pencatatan data barang,laporan harian gudang disusun.
Gudang (Warehouse),H.52LOG00.005.2,Melakukan Stok Opname,Menyiapkan pelaksanaan stok opname,jadwal stok opname ditetapkan
Gudang (Warehouse),H.52LOG00.005.2,Melakukan Stok Opname,Menyiapkan pelaksanaan stok opname,tim pelaksana dibentuk
Gudang (Warehouse),H.52LOG00.005.2,Melakukan Stok Opname,Menyiapkan pelaksanaan stok opname,dokumen daftar stok stock list dicetak.
Gudang (Warehouse),H.52LOG00.005.2,Melakukan Stok Opname,Mencocokkan saldo fisik dengan saldo buku,perhitungan fisik dilakukan teliti
Gudang (Warehouse),H.52LOG00.005.2,Melakukan Stok Opname,Mencocokkan saldo fisik dengan saldo buku,selisih stok diidentifikasi penyebabnya
Gudang (Warehouse),H.52LOG00.005.2,Melakukan Stok Opname,Mencocokkan saldo fisik dengan saldo buku,laporan hasil stok opname dilaporkan manajemen.
Pengiriman (Shipping),H.52LOG00.006.2,Melaksanakan Pengiriman Barang,Menyiapkan barang untuk dikirim,barang diambil sesuai order picking
Pengiriman (Shipping),H.52LOG00.006.2,Melaksanakan Pengiriman Barang,Menyiapkan barang untuk dikirim,pengemasan packing dilakukan sesuai standar keamanan
Pengiriman (Shipping),H.52LOG00.006.2,Melaksanakan Pengiriman Barang,Menyiapkan barang untuk dikirim,label alamat pengiriman ditempelkan.
Pengiriman (Shipping),H.52LOG00.007.2,Mengelola Transportasi Logistik,Memilih moda transportasi,opsi moda daratlautudara dibandingkan biayanya
Pengiriman (Shipping),H.52LOG00.007.2,Mengelola Transportasi Logistik,Memilih moda transportasi,rute perjalanan paling efisien ditentukan
Pengiriman (Shipping),H.52LOG00.007.2,Mengelola Transportasi Logistik,Memilih moda transportasi,vendor transportasi dipilih berdasarkan kriteria.
Pengadaan (Procurement),H.52LOG00.008.2,Melakukan Pembelian Barang/Jasa,Menentukan spesifikasi kebutuhan,permintaan pembelian pr diverifikasi
Pengadaan (Procurement),H.52LOG00.008.2,Melakukan Pembelian Barang/Jasa,Menentukan spesifikasi kebutuhan,spesifikasi teknis barang disusun
Pengadaan (Procurement),H.52LOG00.008.2,Melakukan Pembelian Barang/Jasa,Menentukan spesifikasi kebutuhan,anggaran pembelian dipastikan tersedia.
Pengadaan (Procurement),H.52LOG00.008.2,Melakukan Pembelian Barang/Jasa,Melaksanakan proses pembelian,penawaran harga diminta pemasok
Pengadaan (Procurement),H.52LOG00.008.2,Melakukan Pembelian Barang/Jasa,Melaksanakan proses pembelian,seleksi pemasok dilakukan berdasarkan harga kualitas
Pengadaan (Procurement),H.52LOG00.008.2,Melakukan Pembelian Barang/Jasa,Melaksanakan proses pembelian,pesanan pembelian po diterbitkan.
Manajemen Logistik,H.52LOG00.012.2,Mengelola Biaya Logistik,Memantau pengeluaran biaya,biaya tetap biaya variabel dikelompokkan
Manajemen Logistik,H.52LOG00.012.2,Mengelola Biaya Logistik,Memantau pengeluaran biaya,realisasi biaya dibandingkan anggaran
Manajemen Logistik,H.52LOG00.012.2,Mengelola Biaya Logistik,Memantau pengeluaran biaya,efisiensi biaya diusulkan pimpinan.
Manajemen Logistik,H.52LOG00.015.2,Mengelola Hubungan dengan Pelanggan,Menangani keluhan pelanggan,keluhan pelanggan dicatat sistem
Manajemen Logistik,H.52LOG00.015.2,Mengelola Hubungan dengan Pelanggan,Menangani keluhan pelanggan,solusi atas keluhan dikoordinasikan tim terkait
Manajemen Logistik,H.52LOG00.015.2,Mengelola Hubungan dengan Pelanggan,Menangani keluhan pelanggan,kepuasan pelanggan penanganan diukur.
Inventory Control,H.52LOG00.018.2,Menentukan Tingkat Persediaan,Menghitung parameter stok,safety stock dihitung berdasarkan fluktuasi permintaan
Inventory Control,H.52LOG00.018.2,Menentukan Tingkat Persediaan,Menghitung parameter stok,titik pemesanan reorder point ditetapkan
Inventory Control,H.52LOG00.018.2,Menentukan Tingkat Persediaan,Menghitung parameter stok,rasio perputaran stok inventory turnover dianalisis.
K3 Logistik,H.52LOG00.020.2,Menerapkan K3 di Lingkungan Kerja,Mengidentifikasi potensi bahaya,alat pelindung diri apd digunakan sesuai standar
K3 Logistik,H.52LOG00.020.2,Menerapkan K3 di Lingkungan Kerja,Mengidentifikasi potensi bahaya,ramburambu keselamatan dipasang area gudang
K3 Logistik,H.52LOG00.020.2,Menerapkan K3 di Lingkungan Kerja,Mengidentifikasi potensi bahaya,prosedur keadaan darurat dipahami seluruh staf.
Distribusi,H.52LOG00.022.2,Mengelola Pusat Distribusi,Mengoptimalkan alur barang,tata letak layout pusat distribusi diatur
Distribusi,H.52LOG00.022.2,Mengelola Pusat Distribusi,Mengoptimalkan alur barang,proses crossdocking diterapkan diperlukan
Distribusi,H.52LOG00.022.2,Mengelola Pusat Distribusi,Mengoptimalkan alur barang,kecepatan pengolahan pesanan dipantau.
Ekspor Impor,H.52LOG00.025.2,Mengurus Dokumen Ekspor-Impor,Menyiapkan dokumen pabean,invoice packing list divalidasi
Ekspor Impor,H.52LOG00.025.2,Mengurus Dokumen Ekspor-Impor,Menyiapkan dokumen pabean,pemberitahuan eksporimpor barang pebpib disiapkan
Ekspor Impor,H.52LOG00.025.2,Mengurus Dokumen Ekspor-Impor,Menyiapkan dokumen pabean,izin khusus impor diperiksa masa berlakunya.
Teknologi Logistik,H.52LOG00.028.2,Mengoperasikan Sistem Informasi Logistik,Memasukkan data ke dalam aplikasi,user login dilakukan sesuai hak akses
Teknologi Logistik,H.52LOG00.028.2,Mengoperasikan Sistem Informasi Logistik,Memasukkan data ke dalam aplikasi,data transaksi diinput akurat
Teknologi Logistik,H.52LOG00.028.2,Mengoperasikan Sistem Informasi Logistik,Memasukkan data ke dalam aplikasi,backup data dilakukan periodik.
Manajemen Rantai Pasok,H.52LOG00.030.2,Melakukan Kolaborasi Rantai Pasok,Membangun kemitraan dengan pemasok,target bersama pemasok ditetapkan
Manajemen Rantai Pasok,H.52LOG00.030.2,Melakukan Kolaborasi Rantai Pasok,Membangun kemitraan dengan pemasok,pertukaran informasi stok dilakukan realtime
Manajemen Rantai Pasok,H.52LOG00.030.2,Melakukan Kolaborasi Rantai Pasok,Membangun kemitraan dengan pemasok,evaluasi kinerja kemitraan dilakukan rutin.
Inventory Control,H.52LOG00.018.2,Menentukan Tingkat Persediaan,Menganalisis kebutuhan persediaan,data historis pemakaian barang dikumpulkan
Inventory Control,H.52LOG00.018.2,Menentukan Tingkat Persediaan,Menganalisis kebutuhan persediaan,tren permintaan pelanggan dianalisis
Inventory Control,H.52LOG00.018.2,Menentukan Tingkat Persediaan,Menganalisis kebutuhan persediaan,lead time pengadaan barang diidentifikasi.
Inventory Control,H.52LOG00.018.2,Menentukan Tingkat Persediaan,Menghitung parameter stok optimal,economic order quantity eoq dihitung
Inventory Control,H.52LOG00.018.2,Menentukan Tingkat Persediaan,Menghitung parameter stok optimal,safety stock ditetapkan berdasarkan tingkat layanan
Inventory Control,H.52LOG00.018.2,Menentukan Tingkat Persediaan,Menghitung parameter stok optimal,reorder point rop ditentukan.
Admin Logistik,H.52LOG00.004.2,Melaksanakan Administrasi Pergudangan,Memproses dokumen pengeluaran barang,surat jalan delivery order divalidasi
Admin Logistik,H.52LOG00.004.2,Melaksanakan Administrasi Pergudangan,Memproses dokumen pengeluaran barang,picking list dicetak petugas gudang
Admin Logistik,H.52LOG00.004.2,Melaksanakan Administrasi Pergudangan,Memproses dokumen pengeluaran barang,status stok diperbarui sistem aplikasi.
Warehouse Supervisor,H.52LOG00.022.2,Mengelola Pusat Distribusi,Merencanakan tata letak gudang,ruang penyimpanan dialokasikan berdasarkan fastslow moving
Warehouse Supervisor,H.52LOG00.022.2,Mengelola Pusat Distribusi,Merencanakan tata letak gudang,jalur transportasi forklift diatur kelancaran alur
Warehouse Supervisor,H.52LOG00.022.2,Mengelola Pusat Distribusi,Merencanakan tata letak gudang,area karantina barang rusak ditentukan.
Warehouse Supervisor,H.52LOG00.022.2,Mengelola Pusat Distribusi,Mengawasi produktivitas kerja,kecepatan proses bongkar muat diukur
Warehouse Supervisor,H.52LOG00.022.2,Mengelola Pusat Distribusi,Mengawasi produktivitas kerja,akurasi pengambilan barang dipantau
Warehouse Supervisor,H.52LOG00.022.2,Mengelola Pusat Distribusi,Mengawasi produktivitas kerja,penggunaan peralatan kerja dipastikan sesuai sop.
Logistik Spesialis,H.52LOG00.031.2,Melakukan Analisis Rantai Pasok,Mengidentifikasi aliran nilai (Value Stream),titiktitik penambahan nilai diidentifikasi
Logistik Spesialis,H.52LOG00.031.2,Melakukan Analisis Rantai Pasok,Mengidentifikasi aliran nilai (Value Stream),aktivitas tidak bernilai tambah waste dipetakan
Logistik Spesialis,H.52LOG00.031.2,Melakukan Analisis Rantai Pasok,Mengidentifikasi aliran nilai (Value Stream),total lead time rantai pasok dihitung.
Logistik Spesialis,H.52LOG00.031.2,Melakukan Analisis Rantai Pasok,Memberikan rekomendasi perbaikan,usulan optimasi proses disusun
Logistik Spesialis,H.52LOG00.031.2,Melakukan Analisis Rantai Pasok,Memberikan rekomendasi perbaikan,analisis dampak risiko dilakukan
Logistik Spesialis,H.52LOG00.031.2,Melakukan Analisis Rantai Pasok,Memberikan rekomendasi perbaikan,laporan analisis dipresentasikan manajemen.
Purchasing Officer,H.52LOG00.009.2,Melakukan Evaluasi Kinerja Pemasok,Menentukan kriteria evaluasi,"parameter kualitas, harga, ketepatan waktu ditetapkan"
Purchasing Officer,H.52LOG00.009.2,Melakukan Evaluasi Kinerja Pemasok,Menentukan kriteria evaluasi,bobot penilaian setiap parameter ditentukan
Purchasing Officer,H.52LOG00.009.2,Melakukan Evaluasi Kinerja Pemasok,Menentukan kriteria evaluasi,periode evaluasi dijadwalkan.
Purchasing Officer,H.52LOG00.009.2,Melakukan Evaluasi Kinerja Pemasok,Menyusun laporan hasil evaluasi,skor kinerja pemasok dihitung
Purchasing Officer,H.52LOG00.009.2,Melakukan Evaluasi Kinerja Pemasok,Menyusun laporan hasil evaluasi,rekomendasi perpanjangan pemutusan kontrak dibuat
Purchasing Officer,H.52LOG00.009.2,Melakukan Evaluasi Kinerja Pemasok,Menyusun laporan hasil evaluasi,hasil evaluasi dikomunikasikan pemasok terkait.
Operator Logistik,H.52LOG00.019.2,Menangani Barang Berbahaya (B3),Mengidentifikasi jenis barang B3,simbol bahaya kemasan diperiksa
Operator Logistik,H.52LOG00.019.2,Menangani Barang Berbahaya (B3),Mengidentifikasi jenis barang B3,lembar data keselamatan msds dipelajari
Operator Logistik,H.52LOG00.019.2,Menangani Barang Berbahaya (B3),Mengidentifikasi jenis barang B3,peralatan penanganan khusus disiapkan.
Operator Logistik,H.52LOG00.019.2,Menangani Barang Berbahaya (B3),Melakukan penyimpanan barang B3,barang disimpan terpisah berdasarkan kelas bahaya
Operator Logistik,H.52LOG00.019.2,Menangani Barang Berbahaya (B3),Melakukan penyimpanan barang B3,ventilasi suhu ruangan diatur sesuai standar
Operator Logistik,H.52LOG00.019.2,Menangani Barang Berbahaya (B3),Melakukan penyimpanan barang B3,alat pemadam api dipastikan tersedia dekat lokasi.
Logistik Manager,H.52LOG00.040.2,Menyusun Kebijakan Manajemen Rantai Pasok,Menetapkan visi dan misi logistik,tujuan strategis perusahaan diidentifikasi
Logistik Manager,H.52LOG00.040.2,Menyusun Kebijakan Manajemen Rantai Pasok,Menetapkan visi dan misi logistik,kebijakan layanan pelanggan dirumuskan
Logistik Manager,H.52LOG00.040.2,Menyusun Kebijakan Manajemen Rantai Pasok,Menetapkan visi dan misi logistik,target performa jangka panjang ditetapkan.
Logistik Manager,H.52LOG00.040.2,Menyusun Kebijakan Manajemen Rantai Pasok,Mensosialisasikan kebijakan,kebijakan didokumentasikan formal
Logistik Manager,H.52LOG00.040.2,Menyusun Kebijakan Manajemen Rantai Pasok,Mensosialisasikan kebijakan,pertemuan koordinasi antar departemen dilaksanakan
Logistik Manager,H.52LOG00.040.2,Menyusun Kebijakan Manajemen Rantai Pasok,Mensosialisasikan kebijakan,mekanisme kepatuhan kebijakan ditetapkan.
Planner Logistik,H.52LOG00.041.2,Mengelola Perencanaan Permintaan,Mengumpulkan data permintaan,data penjualan masa lalu divalidasi
Planner Logistik,H.52LOG00.041.2,Mengelola Perencanaan Permintaan,Mengumpulkan data permintaan,informasi rencana promosi dikumpulkan
Planner Logistik,H.52LOG00.041.2,Mengelola Perencanaan Permintaan,Mengumpulkan data permintaan,input tim pemasaran penjualan diintegrasikan.
Planner Logistik,H.52LOG00.041.2,Mengelola Perencanaan Permintaan,Membuat proyeksi permintaan (Forecast),metode peramalan sesuai dipilih
Planner Logistik,H.52LOG00.041.2,Mengelola Perencanaan Permintaan,Membuat proyeksi permintaan (Forecast),angka proyeksi dihitung periode mendatang
Planner Logistik,H.52LOG00.041.2,Mengelola Perencanaan Permintaan,Membuat proyeksi permintaan (Forecast),akurasi ramalan dipantau berkala.
Dispatcher,H.52LOG00.007.2,Mengelola Transportasi Logistik,Melakukan penjadwalan armada,kapasitas angkut kendaraan dicocokkan volume barang
Dispatcher,H.52LOG00.007.2,Mengelola Transportasi Logistik,Melakukan penjadwalan armada,penugasan pengemudi dilakukan sesuai rute
Dispatcher,H.52LOG00.007.2,Mengelola Transportasi Logistik,Melakukan penjadwalan armada,waktu keberangkatan estimasi kedatangan diinput sistem.
Dispatcher,H.52LOG00.007.2,Mengelola Transportasi Logistik,Melakukan pemantauan perjalanan,posisi kendaraan dilacak realtime gps
Dispatcher,H.52LOG00.007.2,Mengelola Transportasi Logistik,Melakukan pemantauan perjalanan,kendala perjalanan macetrusak ditangani segera
Dispatcher,H.52LOG00.007.2,Mengelola Transportasi Logistik,Melakukan pemantauan perjalanan,status pengiriman diperbarui pelanggan.
Kurir/Driver,H.52LOG00.011.2,Melaksanakan Penyerahan Barang kepada Pelanggan,Melakukan konfirmasi kedatangan,pelanggan dihubungi tiba lokasi
Kurir/Driver,H.52LOG00.011.2,Melaksanakan Penyerahan Barang kepada Pelanggan,Melakukan konfirmasi kedatangan,identitas penerima barang diverifikasi
Kurir/Driver,H.52LOG00.011.2,Melaksanakan Penyerahan Barang kepada Pelanggan,Melakukan konfirmasi kedatangan,lokasi penurunan barang dipastikan aman.
Kurir/Driver,H.52LOG00.011.2,Melaksanakan Penyerahan Barang kepada Pelanggan,Menyelesaikan administrasi penyerahan,barang diserahkan sesuai jumlah dokumen
Kurir/Driver,H.52LOG00.011.2,Melaksanakan Penyerahan Barang kepada Pelanggan,Menyelesaikan administrasi penyerahan,tanda tangan stempel penerima diambil pod
Kurir/Driver,H.52LOG00.011.2,Melaksanakan Penyerahan Barang kepada Pelanggan,Menyelesaikan administrasi penyerahan,bukti penyerahan diunggahdiserahkan kantor.
Analyst Logistik,H.52LOG00.035.2,Mengelola Pengembalian Barang (Reverse Logistics),Memproses otorisasi pengembalian,alasan pengembalian diverifikasi rusaksalah kirim
Analyst Logistik,H.52LOG00.035.2,Mengelola Pengembalian Barang (Reverse Logistics),Memproses otorisasi pengembalian,persetujuan retur diterbitkan
Analyst Logistik,H.52LOG00.035.2,Mengelola Pengembalian Barang (Reverse Logistics),Memproses otorisasi pengembalian,instruksi penjemputan barang dikirim bagian transportasi.
Analyst Logistik,H.52LOG00.035.2,Mengelola Pengembalian Barang (Reverse Logistics),Menentukan disposisi barang retur,kondisi barang diperiksa tiba
Analyst Logistik,H.52LOG00.035.2,Mengelola Pengembalian Barang (Reverse Logistics),Menentukan disposisi barang retur,keputusan diambil perbaikanstok ulangmusnah
Analyst Logistik,H.52LOG00.035.2,Mengelola Pengembalian Barang (Reverse Logistics),Menentukan disposisi barang retur,pencatatan keuangankredit note diselesaikan.
Operasional Logistik,H.52LOG00.021.2,Melakukan Pengemasan (Packing),Menyiapkan material pengemas,jenis kemasan dipilih berdasarkan fragilitas barang
Operasional Logistik,H.52LOG00.021.2,Melakukan Pengemasan (Packing),Menyiapkan material pengemas,material pelindung bubble wrapdunnage disiapkan
Operasional Logistik,H.52LOG00.021.2,Melakukan Pengemasan (Packing),Menyiapkan material pengemas,alat potong perekat dipastikan berfungsi.
Operasional Logistik,H.52LOG00.021.2,Melakukan Pengemasan (Packing),Melaksanakan proses pengemasan,barang dimasukkan kemasan pelindung
Operasional Logistik,H.52LOG00.021.2,Melakukan Pengemasan (Packing),Melaksanakan proses pengemasan,segel keamanan dipasang
Operasional Logistik,H.52LOG00.021.2,Melakukan Pengemasan (Packing),Melaksanakan proses pengemasan,tanda instruksi penanganan fragilethis way up ditempelkan.
Freight Forwarder,H.52LOG00.026.2,Mengelola Pengiriman Barang Internasional,Menentukan rute internasional,pelabuhan muat bongkar diidentifikasi
Freight Forwarder,H.52LOG00.026.2,Mengelola Pengiriman Barang Internasional,Menentukan rute internasional,jadwal keberangkatan kapalpesawat dipastikan
Freight Forwarder,H.52LOG00.026.2,Mengelola Pengiriman Barang Internasional,Menentukan rute internasional,biaya freight surcharge dikalkulasi.
Freight Forwarder,H.52LOG00.026.2,Mengelola Pengiriman Barang Internasional,Mengurus asuransi pengiriman,nilai barang diasuransikan ditetapkan
Freight Forwarder,H.52LOG00.026.2,Mengelola Pengiriman Barang Internasional,Mengurus asuransi pengiriman,polis asuransi diterbitkan sesuai cakupan risiko
Freight Forwarder,H.52LOG00.026.2,Mengelola Pengiriman Barang Internasional,Mengurus asuransi pengiriman,dokumen asuransi disertakan bundle pengiriman.
Desainer Grafis,M.741000.001.02,Mengaplikasikan Prinsip Dasar Desain,Menentukan sumber informasi pendukung desain,sumber informasi diidentifikasi
Desainer Grafis,M.741000.001.02,Mengaplikasikan Prinsip Dasar Desain,Menentukan sumber informasi pendukung desain,materi informasi dikumpulkan.
Desainer Grafis,M.741000.001.02,Mengaplikasikan Prinsip Dasar Desain,Menerapkan prinsip dasar desain,elemen desain diaplikasikan
Desainer Grafis,M.741000.001.02,Mengaplikasikan Prinsip Dasar Desain,Menerapkan prinsip dasar desain,"prinsip desain kesatuan, keseimbangan, diterapkan karya."
Desainer Grafis,M.741000.002.03,Mengoperasikan Perangkat Lunak Desain,Mempersiapkan perangkat lunak desain,jenis perangkat lunak dipilih sesuai kebutuhan
Desainer Grafis,M.741000.002.03,Mengoperasikan Perangkat Lunak Desain,Mempersiapkan perangkat lunak desain,perangkat lunak dijalankan sesuai prosedur.
Desainer Grafis,M.741000.002.03,Mengoperasikan Perangkat Lunak Desain,Membuat dokumen desain,fasilitas perintah software digunakan
Desainer Grafis,M.741000.002.03,Mengoperasikan Perangkat Lunak Desain,Membuat dokumen desain,objek desain dibuat dimodifikasi
Desainer Grafis,M.741000.002.03,Mengoperasikan Perangkat Lunak Desain,Membuat dokumen desain,dokumen disimpan format tepat.
Desainer Grafis,M.741000.005.02,Menyusun Background/Latar Belakang,Melakukan riset latar belakang,data teknis nonteknis dikumpulkan
Desainer Grafis,M.741000.005.02,Menyusun Background/Latar Belakang,Melakukan riset latar belakang,kompetitor target audiens dianalisis.
Desainer Grafis,M.741000.005.02,Menyusun Background/Latar Belakang,Merumuskan strategi desain,konsep visual ditetapkan
Desainer Grafis,M.741000.005.02,Menyusun Background/Latar Belakang,Merumuskan strategi desain,strategi kreatif disusun bentuk narasivisual.
Desainer Grafis,M.741000.006.01,Melaksanakan Penulisan Kreatif (Copywriting),Menciptakan ide penulisan,kata kunci diidentifikasi
Desainer Grafis,M.741000.006.01,Melaksanakan Penulisan Kreatif (Copywriting),Menciptakan ide penulisan,premis ide cerita dikembangkan.
Desainer Grafis,M.741000.006.01,Melaksanakan Penulisan Kreatif (Copywriting),Membuat draf tulisan,struktur tulisan disusun
Desainer Grafis,M.741000.006.01,Melaksanakan Penulisan Kreatif (Copywriting),Membuat draf tulisan,gaya bahasa disesuaikan media audiens.
Desainer Grafis,M.741000.007.01,Melaksanakan Penulisan Teknis (Scriptwriting),Menyusun struktur skrip,alur cerita plot ditentukan
Desainer Grafis,M.741000.007.01,Melaksanakan Penulisan Teknis (Scriptwriting),Menyusun struktur skrip,penulisan adegan dialog dilakukan teknis.
Desainer Grafis,M.741000.008.02,Menetapkan Strategi Desain,Menetapkan kriteria desain,batasan proyek diidentifikasi
Desainer Grafis,M.741000.008.02,Menetapkan Strategi Desain,Menetapkan kriteria desain,standar kualitas hasil akhir ditetapkan.
Art Director,M.741000.009.02,Mengarahkan Tim Kreatif,Memberikan arahan kreatif,brief desain dijelaskan tim
Art Director,M.741000.009.02,Mengarahkan Tim Kreatif,Memberikan arahan kreatif,moodboard referensi visual diberikan panduan.
Art Director,M.741000.009.02,Mengarahkan Tim Kreatif,Mengevaluasi hasil kerja tim,progres pekerjaan dipantau
Art Director,M.741000.009.02,Mengarahkan Tim Kreatif,Mengevaluasi hasil kerja tim,masukan revisi diberikan sesuai standar kualitas.
Project Manager,M.741000.010.01,Mengelola Proyek Desain,Melakukan perencanaan proyek,alokasi sumber daya manusia ditentukan
Project Manager,M.741000.010.01,Mengelola Proyek Desain,Melakukan perencanaan proyek,timeline milestone proyek ditetapkan.
Project Manager,M.741000.010.01,Mengelola Proyek Desain,Mengawasi jalannya proyek,komunikasi klien dijaga
Project Manager,M.741000.010.01,Mengelola Proyek Desain,Mengawasi jalannya proyek,anggaran proyek dikelola efisien.
Senior Desainer,M.741000.011.01,Menetapkan Konsep Desain,Mengembangkan ide visual,brainstorming dilakukan mencari solusi kreatif
Senior Desainer,M.741000.011.01,Menetapkan Konsep Desain,Mengembangkan ide visual,sketsa kasar thumbnail dibuat eksplorasi.
Senior Desainer,M.741000.011.01,Menetapkan Konsep Desain,Memilih konsep terbaik,alternatif konsep dinilai berdasarkan kriteria
Senior Desainer,M.741000.011.01,Menetapkan Konsep Desain,Memilih konsep terbaik,konsep final dipilih dikembangkan lebih lanjut.
Desainer Grafis,M.741000.012.01,Membuat Purwarupa (Prototyping),Menyiapkan elemen purwarupa,komponen visual disiapkan
Desainer Grafis,M.741000.012.01,Membuat Purwarupa (Prototyping),Menyiapkan elemen purwarupa,alat bahan prototyping disediakan.
Desainer Grafis,M.741000.012.01,Membuat Purwarupa (Prototyping),Menyusun model purwarupa,simulasi desain dilakukan
Desainer Grafis,M.741000.012.01,Membuat Purwarupa (Prototyping),Menyusun model purwarupa,fungsi estetika purwarupa diuji coba.
Desainer Grafis,M.741000.013.01,Mempresentasikan Karya Desain,Menyiapkan materi presentasi,portofolio dummy disiapkan
Desainer Grafis,M.741000.013.01,Mempresentasikan Karya Desain,Menyiapkan materi presentasi,narasi presentasi disusun sistematis.
Desainer Grafis,M.741000.013.01,Mempresentasikan Karya Desain,Melakukan sesi presentasi,keunggulan desain dijelaskan klien
Desainer Grafis,M.741000.013.01,Mempresentasikan Karya Desain,Melakukan sesi presentasi,tanggapan masukan klien dicatat tindak lanjut.
Data Scientist,J.62DDS00.001.1,Menentukan Objek Data,Mengidentifikasi sumber data,kebutuhan data diidentifikasi sesuai tujuan bisnis
Data Scientist,J.62DDS00.001.1,Menentukan Objek Data,Mengidentifikasi sumber data,sumber data internal eksternal dipetakan
Data Scientist,J.62DDS00.001.1,Menentukan Objek Data,Mengidentifikasi sumber data,aksesibilitas data diperiksa.
Data Scientist,J.62DDS00.001.1,Menentukan Objek Data,Menelaah karakteristik data,struktur data terstrukturtidak diidentifikasi
Data Scientist,J.62DDS00.001.1,Menentukan Objek Data,Menelaah karakteristik data,"volume, velocity, variety data dinilai"
Data Scientist,J.62DDS00.001.1,Menentukan Objek Data,Menelaah karakteristik data,format data divalidasi.
Data Scientist,J.62DDS00.002.1,Memilih Sumber Data,Mengevaluasi kualitas sumber data,kredibilitas sumber data diverifikasi
Data Scientist,J.62DDS00.002.1,Memilih Sumber Data,Mengevaluasi kualitas sumber data,relevansi data masalah dianalisis
Data Scientist,J.62DDS00.002.1,Memilih Sumber Data,Mengevaluasi kualitas sumber data,keandalan data dipastikan melalui pengecekan sampel.
Data Scientist,J.62DDS00.002.1,Memilih Sumber Data,Menetapkan sumber data terpilih,sumber data dipilih berdasarkan kriteria kualitas
Data Scientist,J.62DDS00.002.1,Memilih Sumber Data,Menetapkan sumber data terpilih,izin penggunaan data dikonfirmasi sesuai regulasi privasi.
Data Scientist,J.62DDS00.003.1,Mengumpulkan Data,Melaksanakan akuisisi data,protokol pengambilan data dijalankan
Data Scientist,J.62DDS00.003.1,Mengumpulkan Data,Melaksanakan akuisisi data,alat bantu tools pengumpulan data dioperasikan
Data Scientist,J.62DDS00.003.1,Mengumpulkan Data,Melaksanakan akuisisi data,integritas data selama proses transfer dijaga.
Data Scientist,J.62DDS00.003.1,Mengumpulkan Data,Mendokumentasikan proses koleksi,log pengumpulan data dicatat
Data Scientist,J.62DDS00.003.1,Mengumpulkan Data,Mendokumentasikan proses koleksi,metadata data dikumpulkan disusun sistematis.
Data Scientist,J.62DDS00.004.1,Menelaah Data,Melakukan inspeksi data,statistik deskriptif dasar dihitung
Data Scientist,J.62DDS00.004.1,Menelaah Data,Melakukan inspeksi data,nilai kosong missing values diidentifikasi
Data Scientist,J.62DDS00.004.1,Menelaah Data,Melakukan inspeksi data,pencilan outliers dipetakan.
Data Scientist,J.62DDS00.004.1,Menelaah Data,Memvalidasi kualitas data,konsistensi antar atribut data diperiksa
Data Scientist,J.62DDS00.004.1,Menelaah Data,Memvalidasi kualitas data,kebenaran tipe data divalidasi sesuai skema.
Data Scientist,J.62DDS00.005.1,Membersihkan Data,Menangani data yang tidak lengkap,strategi imputasi penghapusan missing value ditentukan
Data Scientist,J.62DDS00.005.1,Membersihkan Data,Menangani data yang tidak lengkap,proses pembersihan dijalankan sesuai parameter teknis.
Data Scientist,J.62DDS00.005.1,Membersihkan Data,Menormalisasi format data,duplikasi data dihapus
Data Scientist,J.62DDS00.005.1,Membersihkan Data,Menormalisasi format data,format penulisan diseragamkan standarisasi
Data Scientist,J.62DDS00.005.1,Membersihkan Data,Menormalisasi format data,data sudah bersih disimpan repositori antara.
Data Scientist,J.62DDS00.006.1,Mengonstruksi Data,Melakukan transformasi data,feature engineering dilakukan membuat atribut baru
Data Scientist,J.62DDS00.006.1,Mengonstruksi Data,Melakukan transformasi data,scaling encoding diterapkan fitur kategorikal.
Data Scientist,J.62DDS00.006.1,Mengonstruksi Data,Menyiapkan dataset final,data diintegrasikan berbagai sumber
Data Scientist,J.62DDS00.006.1,Mengonstruksi Data,Menyiapkan dataset final,dataset dibagi menjadi data latih train data uji test.
Data Scientist,J.62DDS00.007.1,Membangun Model,Memilih algoritma pemodelan,algoritma sesuai regresiklasifikasiklaster dipilih
Data Scientist,J.62DDS00.007.1,Membangun Model,Memilih algoritma pemodelan,library framework pemodelan disiapkan.
Data Scientist,J.62DDS00.007.1,Membangun Model,Melatih model data,hyperparameter diatur sesuai skenario
Data Scientist,J.62DDS00.007.1,Membangun Model,Melatih model data,proses training dijalankan menggunakan data latih
Data Scientist,J.62DDS00.007.1,Membangun Model,Melatih model data,model awal dihasilkan.
Data Scientist,J.62DDS00.008.1,Mengevaluasi Hasil Pemodelan,Mengukur performa model,metrik evaluasi akurasiprecisionrecallrmse dihitung
Data Scientist,J.62DDS00.008.1,Mengevaluasi Hasil Pemodelan,Mengukur performa model,confusion matrix kurva validasi dianalisis.
Data Scientist,J.62DDS00.008.1,Mengevaluasi Hasil Pemodelan,Melakukan validasi model,model diuji menggunakan data uji test set
Data Scientist,J.62DDS00.008.1,Mengevaluasi Hasil Pemodelan,Melakukan validasi model,fenomena overfitting underfitting diidentifikasi
Data Scientist,J.62DDS00.008.1,Mengevaluasi Hasil Pemodelan,Melakukan validasi model,perbandingan antar model dilakukan memilih terbaik.
Data Scientist,J.62DDS00.009.1,Mengomunikasikan Hasil,Membuat visualisasi data,grafik dashboard interaktif disusun
Data Scientist,J.62DDS00.009.1,Mengomunikasikan Hasil,Membuat visualisasi data,pesan utama hasil analisis divisualisasikan mudah dipahami.
Data Scientist,J.62DDS00.009.1,Mengomunikasikan Hasil,Menyampaikan temuan kepada stakeholder,laporan presentasi disusun sesuai profil audiens
Data Scientist,J.62DDS00.009.1,Mengomunikasikan Hasil,Menyampaikan temuan kepada stakeholder,rekomendasi bisnis diberikan berdasarkan hasil pemodelan.
Data Scientist,J.62DDS00.010.1,Membuat Laporan Akhir,Menyusun dokumentasi teknis,metodologi digunakan dicatat detail
Data Scientist,J.62DDS00.010.1,Membuat Laporan Akhir,Menyusun dokumentasi teknis,arsitektur model spesifikasi hardwaresoftware didokumentasikan.
Data Scientist,J.62DDS00.010.1,Membuat Laporan Akhir,Memfinalisasi laporan proyek,executive summary dibuat manajemen
Data Scientist,J.62DDS00.010.1,Membuat Laporan Akhir,Memfinalisasi laporan proyek,laporan akhir diserahkan sesuai prosedur administrasi organisasi.
Data Analyst,M.70DAN00.001.1,Mengidentifikasi Masalah Bisnis,Menentukan kebutuhan bisnis,masalah bisnis diidentifikasi
Data Analyst,M.70DAN00.001.1,Mengidentifikasi Masalah Bisnis,Menentukan kebutuhan bisnis,tujuan bisnis ditentukan
Data Analyst,M.70DAN00.001.1,Mengidentifikasi Masalah Bisnis,Menentukan kebutuhan bisnis,kriteria keberhasilan analisis ditetapkan.
Data Analyst,M.70DAN00.001.1,Mengidentifikasi Masalah Bisnis,Menentukan ruang lingkup analisis,batasan analisis ditentukan
Data Analyst,M.70DAN00.001.1,Mengidentifikasi Masalah Bisnis,Menentukan ruang lingkup analisis,pemangku kepentingan diidentifikasi
Data Analyst,M.70DAN00.001.1,Mengidentifikasi Masalah Bisnis,Menentukan ruang lingkup analisis,rencana kerja analisis disusun.
Data Analyst,M.70DAN00.002.1,Menentukan Kebutuhan Data,Mengidentifikasi sumber data,jenis data dibutuhkan diidentifikasi
Data Analyst,M.70DAN00.002.1,Menentukan Kebutuhan Data,Mengidentifikasi sumber data,sumber data potensial dipetakan
Data Analyst,M.70DAN00.002.1,Menentukan Kebutuhan Data,Mengidentifikasi sumber data,metode perolehan data ditentukan.
Data Analyst,M.70DAN00.002.1,Menentukan Kebutuhan Data,Menyusun spesifikasi data,format data ditentukan
Data Analyst,M.70DAN00.002.1,Menentukan Kebutuhan Data,Menyusun spesifikasi data,struktur data didefinisikan
Data Analyst,M.70DAN00.002.1,Menentukan Kebutuhan Data,Menyusun spesifikasi data,standar kualitas data ditetapkan.
Data Analyst,M.70DAN00.003.1,Mengumpulkan Data,Melakukan akuisisi data,data dikumpulkan sumber primersekunder
Data Analyst,M.70DAN00.003.1,Mengumpulkan Data,Melakukan akuisisi data,alat pengumpulan data digunakan sesuai prosedur
Data Analyst,M.70DAN00.003.1,Mengumpulkan Data,Melakukan akuisisi data,integritas data selama pengumpulan dijaga.
Data Analyst,M.70DAN00.004.1,Menelaah Data,Melakukan eksplorasi data,karakteristik data diidentifikasi
Data Analyst,M.70DAN00.004.1,Menelaah Data,Melakukan eksplorasi data,ringkasan statistik data dihitung
Data Analyst,M.70DAN00.004.1,Menelaah Data,Melakukan eksplorasi data,pola data awal diidentifikasi.
Data Analyst,M.70DAN00.005.1,Membersihkan Data,Menangani kesalahan data,data duplikat dihapus
Data Analyst,M.70DAN00.005.1,Membersihkan Data,Menangani kesalahan data,data hilang missing values ditangani
Data Analyst,M.70DAN00.005.1,Membersihkan Data,Menangani kesalahan data,ketidakkonsistenan data diperbaiki.
Data Analyst,M.70DAN00.006.1,Mengonstruksi Data,Melakukan transformasi data,format data disesuaikan
Data Analyst,M.70DAN00.006.1,Mengonstruksi Data,Melakukan transformasi data,penggabungan data merging dilakukan
Data Analyst,M.70DAN00.006.1,Mengonstruksi Data,Melakukan transformasi data,feature engineering dasar dilakukan.
Data Analyst,M.70DAN00.007.1,Menganalisis Data Menggunakan Statistik,Menerapkan metode statistik,metode statistik relevan dipilih
Data Analyst,M.70DAN00.007.1,Menganalisis Data Menggunakan Statistik,Menerapkan metode statistik,uji hipotesis korelasi dilakukan
Data Analyst,M.70DAN00.007.1,Menganalisis Data Menggunakan Statistik,Menerapkan metode statistik,hasil statistik diinterpretasikan.
Data Analyst,M.70DAN00.008.1,Menganalisis Data Menggunakan Alat Pemodelan,Membangun model analitik,algoritma pemodelan dipilih
Data Analyst,M.70DAN00.008.1,Menganalisis Data Menggunakan Alat Pemodelan,Membangun model analitik,model dikembangkan menggunakan tool analitik
Data Analyst,M.70DAN00.008.1,Menganalisis Data Menggunakan Alat Pemodelan,Membangun model analitik,validitas model diuji.
Data Analyst,M.70DAN00.009.1,Mengevaluasi Hasil Analisis,Melakukan validasi hasil,hasil analisis dibandingkan tujuan bisnis
Data Analyst,M.70DAN00.009.1,Mengevaluasi Hasil Analisis,Melakukan validasi hasil,signifikansi hasil dievaluasi
Data Analyst,M.70DAN00.009.1,Mengevaluasi Hasil Analisis,Melakukan validasi hasil,rekomendasi disusun berdasarkan hasil evaluasi.
Data Analyst,M.70DAN00.010.1,Melakukan Visualisasi Data,Merancang visualisasi,jenis grafik tepat dipilih
Data Analyst,M.70DAN00.010.1,Melakukan Visualisasi Data,Merancang visualisasi,desain visualisasi dibuat informatif
Data Analyst,M.70DAN00.010.1,Melakukan Visualisasi Data,Merancang visualisasi,interaktivitas visualisasi perlu disiapkan.
Data Analyst,M.70DAN00.010.1,Melakukan Visualisasi Data,Mengomunikasikan insight,narasi data storytelling disusun
Data Analyst,M.70DAN00.010.1,Melakukan Visualisasi Data,Mengomunikasikan insight,visualisasi dipresentasikan pemangku kepentingan.
Data Analyst,M.70DAN00.011.1,Membuat Laporan Hasil Analisis,Menyusun draf laporan,struktur laporan ditentukan
Data Analyst,M.70DAN00.011.1,Membuat Laporan Hasil Analisis,Menyusun draf laporan,temuan utama dituangkan teks
Data Analyst,M.70DAN00.011.1,Membuat Laporan Hasil Analisis,Menyusun draf laporan,lampiran data teknis disiapkan.
Data Analyst,M.70DAN00.012.1,Mengelola Keamanan dan Privasi Data,Menerapkan proteksi data,akses data dibatasi sesuai kewenangan
Data Analyst,M.70DAN00.012.1,Mengelola Keamanan dan Privasi Data,Menerapkan proteksi data,teknik anonimisasi data diterapkan data sensitif.
Data Analyst,M.70DAN00.013.1,Melakukan Penjaminan Kualitas Analisis,Memeriksa proses analisis,tahapan analisis diverifikasi
Data Analyst,M.70DAN00.013.1,Melakukan Penjaminan Kualitas Analisis,Memeriksa proses analisis,dokumentasi kode metodologi diperiksa.
Data Analyst,M.70DAN00.014.1,Memberikan Dukungan Pengambilan Keputusan,Menyajikan opsi keputusan,berbagai skenario hasil analisis disajikan
Data Analyst,M.70DAN00.014.1,Memberikan Dukungan Pengambilan Keputusan,Menyajikan opsi keputusan,risiko peluang setiap opsi dijelaskan.
Data Analyst,M.70DAN00.008.1,Menganalisis Data Menggunakan Alat Pemodelan,Mengoptimasi model,parameter model disesuaikan tuning
Data Analyst,M.70DAN00.008.1,Menganalisis Data Menggunakan Alat Pemodelan,Mengoptimasi model,perbandingan akurasi antar model dilakukan.
Data Analyst,M.70DAN00.005.1,Membersihkan Data,Mendokumentasikan pembersihan,langkahlangkah pembersihan dicatat
Data Analyst,M.70DAN00.005.1,Membersihkan Data,Mendokumentasikan pembersihan,alasan penghapusan perubahan data diberikan transparan.
Data Analyst,M.70DAN00.009.1,Mengevaluasi Hasil Analisis,Menelaah dampak bisnis,perkiraan dampak finansial operasional dihitung
Data Analyst,M.70DAN00.009.1,Mengevaluasi Hasil Analisis,Menelaah dampak bisnis,hambatan implementasi hasil analisis dipetakan.
Security Analyst,J.620900.001.03,Menyusun Rancangan Pengamanan Informasi,Menentukan parameter keamanan,kebutuhan keamanan informasi diidentifikasi sesuai kebijakan
Security Analyst,J.620900.001.03,Menyusun Rancangan Pengamanan Informasi,Menentukan parameter keamanan,aset informasi perlu dilindungi dipetakan
Security Analyst,J.620900.001.03,Menyusun Rancangan Pengamanan Informasi,Menentukan parameter keamanan,tingkat risiko keamanan dievaluasi.
Security Analyst,J.620900.001.03,Menyusun Rancangan Pengamanan Informasi,Merancang arsitektur keamanan,kontrol keamanan informasi dipilih
Security Analyst,J.620900.001.03,Menyusun Rancangan Pengamanan Informasi,Merancang arsitektur keamanan,topologi jaringan aman dirancang
Security Analyst,J.620900.001.03,Menyusun Rancangan Pengamanan Informasi,Merancang arsitektur keamanan,standar operasional prosedur sop pengamanan disusun.
Security Engineer,J.620900.002.03,Mengoperasikan Piranti Lunak Keamanan,Menyiapkan instalasi piranti lunak,persyaratan sistem piranti lunak keamanan diperiksa
Security Engineer,J.620900.002.03,Mengoperasikan Piranti Lunak Keamanan,Menyiapkan instalasi piranti lunak,prosedur instalasi diidentifikasi sesuai panduan vendor.
Security Engineer,J.620900.002.03,Mengoperasikan Piranti Lunak Keamanan,Melakukan konfigurasi piranti lunak,parameter keamanan diatur sesuai rancangan
Security Engineer,J.620900.002.03,Mengoperasikan Piranti Lunak Keamanan,Melakukan konfigurasi piranti lunak,aturan rules keamanan diaktifkan
Security Engineer,J.620900.002.03,Mengoperasikan Piranti Lunak Keamanan,Melakukan konfigurasi piranti lunak,konektivitas piranti lunak jaringan dipastikan berjalan.
System Administrator,J.620900.004.03,Melakukan Pengaturan Akses Keamanan,Menetapkan kebijakan akses,profil pengguna hak akses diidentifikasi
System Administrator,J.620900.004.03,Melakukan Pengaturan Akses Keamanan,Menetapkan kebijakan akses,metode autentikasi dipilih passwordbiometrikmfa
System Administrator,J.620900.004.03,Melakukan Pengaturan Akses Keamanan,Menetapkan kebijakan akses,batasan akses ditentukan berdasarkan prinsip least privilege.
System Administrator,J.620900.004.03,Melakukan Pengaturan Akses Keamanan,Mengelola akun pengguna,akun pengguna dibuat dihapus sesuai siklus hidup pegawai
System Administrator,J.620900.004.03,Melakukan Pengaturan Akses Keamanan,Mengelola akun pengguna,perubahan hak akses didokumentasikan disetujui.
Incident Responder,J.620900.008.03,Menangani Insiden Keamanan,Melakukan deteksi dini insiden,anomali sistem diidentifikasi melalui log
Incident Responder,J.620900.008.03,Menangani Insiden Keamanan,Melakukan deteksi dini insiden,peringatan sistem pemantauan dianalisis tingkat urgensinya.
Incident Responder,J.620900.008.03,Menangani Insiden Keamanan,Melakukan tindakan respons,prosedur isolasi sistem terinfeksi dijalankan
Incident Responder,J.620900.008.03,Menangani Insiden Keamanan,Melakukan tindakan respons,langkahlangkah mitigasi menghentikan penyebaran serangan dilakukan
Incident Responder,J.620900.008.03,Menangani Insiden Keamanan,Melakukan tindakan respons,upaya pemulihan data sistem dilaksanakan.
Vulnerability Researcher,J.620900.009.03,Melakukan Pemindaian Kerentanan,Merencanakan pemindaian,objek akan dipindai ditentukan
Vulnerability Researcher,J.620900.009.03,Melakukan Pemindaian Kerentanan,Merencanakan pemindaian,alat bantu pemindaian vulnerability scanner disiapkan
Vulnerability Researcher,J.620900.009.03,Melakukan Pemindaian Kerentanan,Merencanakan pemindaian,jadwal pemindaian ditetapkan tidak mengganggu operasional.
Vulnerability Researcher,J.620900.009.03,Melakukan Pemindaian Kerentanan,Menganalisis hasil pemindaian,daftar celah keamanan cve diklasifikasikan berdasarkan tingkat bahaya
Vulnerability Researcher,J.620900.009.03,Melakukan Pemindaian Kerentanan,Menganalisis hasil pemindaian,rekomendasi penambalan patching disusun tim teknis.
Security Auditor,J.620900.012.03,Melakukan Audit Keamanan Informasi Internal,Menyiapkan instrumen audit,kriteria audit ditetapkan berdasarkan standar isoiec 27001
Security Auditor,J.620900.012.03,Melakukan Audit Keamanan Informasi Internal,Menyiapkan instrumen audit,daftar periksa checklist audit dikembangkan
Security Auditor,J.620900.012.03,Melakukan Audit Keamanan Informasi Internal,Menyiapkan instrumen audit,tim auditor jadwal wawancara ditentukan.
Security Auditor,J.620900.012.03,Melakukan Audit Keamanan Informasi Internal,Melaksanakan verifikasi kepatuhan,buktibukti penerapan kontrol keamanan diperiksa
Security Auditor,J.620900.012.03,Melakukan Audit Keamanan Informasi Internal,Melaksanakan verifikasi kepatuhan,temuan ketidaksesuaian dicatat
Security Auditor,J.620900.012.03,Melakukan Audit Keamanan Informasi Internal,Melaksanakan verifikasi kepatuhan,laporan hasil audit internal disusun manajemen.
Forensic Analyst,J.620900.015.02,Melakukan Akuisisi Data Digital,Mengamankan barang bukti,perangkat media penyimpanan diamankan fisik
Forensic Analyst,J.620900.015.02,Melakukan Akuisisi Data Digital,Mengamankan barang bukti,rantai pengawasan chain of custody didokumentasikan.
Forensic Analyst,J.620900.015.02,Melakukan Akuisisi Data Digital,Melakukan penggandaan bit-per-bit,media penyimpanan dikloning menggunakan alat forensik
Forensic Analyst,J.620900.015.02,Melakukan Akuisisi Data Digital,Melakukan penggandaan bit-per-bit,nilai hash dihitung menjamin integritas data asli.
Security Officer,J.620900.019.02,Memberikan Sosialisasi Keamanan,Menyusun materi kesadaran keamanan,"materi edukasi phishing, password, sosial engineering disiapkan"
Security Officer,J.620900.019.02,Memberikan Sosialisasi Keamanan,Menyusun materi kesadaran keamanan,media sosialisasi infografisvideoposter dibuat menarik.
Security Officer,J.620900.019.02,Memberikan Sosialisasi Keamanan,Mengevaluasi efektivitas sosialisasi,survei pemahaman peserta dilakukan sesi
Security Officer,J.620900.019.02,Memberikan Sosialisasi Keamanan,Mengevaluasi efektivitas sosialisasi,penurunan jumlah insiden akibat faktor manusia diukur berkala.
Risk Manager,J.620900.021.02,Melakukan Analisis Risiko Keamanan,Mengidentifikasi ancaman dan dampak,sumber ancaman hackeralaminternal dipetakan
Risk Manager,J.620900.021.02,Melakukan Analisis Risiko Keamanan,Mengidentifikasi ancaman dan dampak,estimasi kerugian finansial reputasi dihitung risiko terjadi.
Risk Manager,J.620900.021.02,Melakukan Analisis Risiko Keamanan,Menentukan opsi mitigasi risiko,strategi penanganan mitigasitransferhindariterima dipilih
Risk Manager,J.620900.021.02,Melakukan Analisis Risiko Keamanan,Menentukan opsi mitigasi risiko,rencana aksi penanganan risiko disusun sesuai prioritas.
Network Security,J.620900.023.01,Melakukan Konfigurasi Tembok Api (Firewall),Menentukan aturan lalu lintas data,port protokol diizinkan diidentifikasi
Network Security,J.620900.023.01,Melakukan Konfigurasi Tembok Api (Firewall),Menentukan aturan lalu lintas data,daftar alamat ip pengirim penerima sah ditentukan.
Network Security,J.620900.023.01,Melakukan Konfigurasi Tembok Api (Firewall),Memantau kinerja firewall,log akses diperiksa mendeteksi upaya penyusupan
Network Security,J.620900.023.01,Melakukan Konfigurasi Tembok Api (Firewall),Memantau kinerja firewall,aturan firewall diperbarui berkala sesuai kebutuhan bisnis.
Security Engineer,J.620900.021.01,Melakukan Konfigurasi Sistem Deteksi Intrusi (Intrusion Detection System),Menyiapkan komponen sistem deteksi,perangkat keras lunak ids dipastikan siap beroperasi
Security Engineer,J.620900.021.01,Melakukan Konfigurasi Sistem Deteksi Intrusi (Intrusion Detection System),Menyiapkan komponen sistem deteksi,topologi penempatan sensor ids ditentukan sesuai titik rawan jaringan
Security Engineer,J.620900.021.01,Melakukan Konfigurasi Sistem Deteksi Intrusi (Intrusion Detection System),Menyiapkan komponen sistem deteksi,akses administratif sistem ids dikonfigurasi aman.
Security Engineer,J.620900.021.01,Melakukan Konfigurasi Sistem Deteksi Intrusi (Intrusion Detection System),Mengelola aturan (signature) deteksi,database tanda serangan signature diperbarui versi terbaru
Security Engineer,J.620900.021.01,Melakukan Konfigurasi Sistem Deteksi Intrusi (Intrusion Detection System),Mengelola aturan (signature) deteksi,aturan deteksi rules disesuaikan profil trafik normal jaringan
Security Engineer,J.620900.021.01,Melakukan Konfigurasi Sistem Deteksi Intrusi (Intrusion Detection System),Mengelola aturan (signature) deteksi,sistem notifikasialert diuji coba memastikan pesan peringatan ke administrator.
Cyber Security Specialist,J.620900.022.01,Melakukan Pengujian Keamanan Jaringan (Network Security Testing),Melakukan persiapan pengujian,ruang lingkup batasan pengujian rules of engagement disepakati
Cyber Security Specialist,J.620900.022.01,Melakukan Pengujian Keamanan Jaringan (Network Security Testing),Melakukan persiapan pengujian,alat uji keamanan jaringan port scannersniffer disiapkan.
Cyber Security Specialist,J.620900.022.01,Melakukan Pengujian Keamanan Jaringan (Network Security Testing),Mengeksekusi pengujian dan pelaporan,celah keamanan protokol jaringan diidentifikasi melalui simulasi serangan
Cyber Security Specialist,J.620900.022.01,Melakukan Pengujian Keamanan Jaringan (Network Security Testing),Mengeksekusi pengujian dan pelaporan,ketahanan tembok api firewall sistem deteksi diuji
Cyber Security Specialist,J.620900.022.01,Melakukan Pengujian Keamanan Jaringan (Network Security Testing),Mengeksekusi pengujian dan pelaporan,laporan teknis hasil pengujian saran mitigasi disusun.
Sales Operation,M.70MKT00.001.1,Melaksanakan Penjualan Produk,Mempersiapkan proses penjualan,pengetahuan produk dikuasai
Sales Operation,M.70MKT00.001.1,Melaksanakan Penjualan Produk,Mempersiapkan proses penjualan,target penjualan dipahami
Sales Operation,M.70MKT00.001.1,Melaksanakan Penjualan Produk,Mempersiapkan proses penjualan,alat pendukung penjualan disiapkan.
Sales Operation,M.70MKT00.001.1,Melaksanakan Penjualan Produk,Melakukan aktivitas penjualan,prospek pelanggan diidentifikasi
Sales Operation,M.70MKT00.001.1,Melaksanakan Penjualan Produk,Melakukan aktivitas penjualan,pendekatan pelanggan dilakukan
Sales Operation,M.70MKT00.001.1,Melaksanakan Penjualan Produk,Melakukan aktivitas penjualan,presentasi produk dilaksanakan sesuai prosedur.
Sales Operation,M.70MKT00.002.1,Menangani Keberatan Pelanggan,Mengidentifikasi keberatan pelanggan,keluhan keberatan pelanggan didengarkan seksama
Sales Operation,M.70MKT00.002.1,Menangani Keberatan Pelanggan,Mengidentifikasi keberatan pelanggan,jenis keberatan diklasifikasikan.
Sales Operation,M.70MKT00.002.1,Menangani Keberatan Pelanggan,Memberikan solusi atas keberatan,penjelasan teknis diberikan menjawab keberatan
Sales Operation,M.70MKT00.002.1,Menangani Keberatan Pelanggan,Memberikan solusi atas keberatan,kesepakatan solusi dicapai pelanggan.
Market Research,M.70MKT00.005.1,Melakukan Riset Pemasaran,Menentukan desain riset,masalah pemasaran didefinisikan
Market Research,M.70MKT00.005.1,Melakukan Riset Pemasaran,Menentukan desain riset,tujuan riset ditetapkan
Market Research,M.70MKT00.005.1,Melakukan Riset Pemasaran,Menentukan desain riset,metode pengumpulan data ditentukan.
Market Research,M.70MKT00.005.1,Melakukan Riset Pemasaran,Melaksanakan pengolahan data riset,data lapangan dikumpulkan
Market Research,M.70MKT00.005.1,Melakukan Riset Pemasaran,Melaksanakan pengolahan data riset,data diolah menggunakan alat statistik
Market Research,M.70MKT00.005.1,Melakukan Riset Pemasaran,Melaksanakan pengolahan data riset,hasil analisis data diinterpretasikan menjadi informasi pemasaran.
Brand Management,M.70MKT00.007.1,Mengelola Ekuitas Merek,Memantau performa merek,kesadaran merek brand awareness diukur
Brand Management,M.70MKT00.007.1,Mengelola Ekuitas Merek,Memantau performa merek,persepsi kualitas merek dianalisis.
Brand Management,M.70MKT00.007.1,Mengelola Ekuitas Merek,Melakukan penguatan ekuitas merek,program loyalitas merek dirancang
Brand Management,M.70MKT00.007.1,Mengelola Ekuitas Merek,Melakukan penguatan ekuitas merek,asosiasi merek diperkuat melalui komunikasi pemasaran terpadu.
Digital Marketing,M.70MKT00.009.1,Melakukan Pemasaran Digital,Merencanakan konten digital,platform digital dipilih sesuai target audiens
Digital Marketing,M.70MKT00.009.1,Melakukan Pemasaran Digital,Merencanakan konten digital,kalender konten disusun
Digital Marketing,M.70MKT00.009.1,Melakukan Pemasaran Digital,Merencanakan konten digital,materi kreatif disiapkan.
Digital Marketing,M.70MKT00.009.1,Melakukan Pemasaran Digital,Mengevaluasi kampanye digital,"metrik performa ctr, engagement dipantau"
Digital Marketing,M.70MKT00.009.1,Melakukan Pemasaran Digital,Mengevaluasi kampanye digital,efektivitas kanal digital dibandingkan.
Customer Service,M.70MKT00.012.1,Memberikan Layanan Prima,Membangun hubungan dengan pelanggan,komunikasi dilakukan empati
Customer Service,M.70MKT00.012.1,Memberikan Layanan Prima,Membangun hubungan dengan pelanggan,kebutuhan pelanggan diidentifikasi cepat.
Customer Service,M.70MKT00.012.1,Memberikan Layanan Prima,Mengukur kepuasan pelanggan,umpan balik pelanggan dikumpulkan
Customer Service,M.70MKT00.012.1,Memberikan Layanan Prima,Mengukur kepuasan pelanggan,indeks kepuasan pelanggan dihitung.
Product Development,M.70MKT00.015.1,Mengembangkan Produk Baru,Menemukan ide produk,kesenjangan pasar diidentifikasi
Product Development,M.70MKT00.015.1,Mengembangkan Produk Baru,Menemukan ide produk,konsep produk baru dirumuskan.
Product Development,M.70MKT00.015.1,Mengembangkan Produk Baru,Melakukan uji coba pasar,purwarupa produk diuji kelompok terbatas
Product Development,M.70MKT00.015.1,Mengembangkan Produk Baru,Melakukan uji coba pasar,respon pasar dianalisis penyempurnaan produk.
Sales Management,M.70MKT00.018.1,Mengelola Tenaga Penjual,Merancang struktur organisasi penjualan,alokasi wilayah penjualan ditentukan
Sales Management,M.70MKT00.018.1,Mengelola Tenaga Penjual,Merancang struktur organisasi penjualan,kuota target per individu ditetapkan.
Sales Management,M.70MKT00.018.1,Mengelola Tenaga Penjual,Melakukan pembinaan tenaga penjual,pelatihan teknik penjualan diberikan
Sales Management,M.70MKT00.018.1,Mengelola Tenaga Penjual,Melakukan pembinaan tenaga penjual,motivasi insentif diatur mencapai target.
Strategic Marketing,M.70MKT00.021.1,Menyusun Rencana Pemasaran,Menganalisis situasi pasar,analisis swot dilakukan
Strategic Marketing,M.70MKT00.021.1,Menyusun Rencana Pemasaran,Menganalisis situasi pasar,analisis kompetitor dipetakan.
Strategic Marketing,M.70MKT00.021.1,Menyusun Rencana Pemasaran,Menentukan strategi pemasaran,"stp segmenting, targeting, positioning ditetapkan"
Strategic Marketing,M.70MKT00.021.1,Menyusun Rencana Pemasaran,Menentukan strategi pemasaran,bauran pemasaran marketing mix dirumuskan.
Pricing Management,M.70MKT00.025.1,Menetapkan Harga Jual,Menganalisis biaya dan harga pesaing,struktur biaya produksi diidentifikasi
Pricing Management,M.70MKT00.025.1,Menetapkan Harga Jual,Menganalisis biaya dan harga pesaing,harga pasar produk sejenis dipantau.
Pricing Management,M.70MKT00.025.1,Menetapkan Harga Jual,Menentukan metode penetapan harga,strategi harga skimmingpenetration dipilih
Pricing Management,M.70MKT00.025.1,Menetapkan Harga Jual,Menentukan metode penetapan harga,daftar harga final diterbitkan sesuai kebijakan perusahaan.
Trade Marketing,M.70MKT00.026.1,Mengelola Saluran Distribusi,Menentukan jenis saluran distribusi,kriteria pemilihan perantara distribusi ditetapkan
Trade Marketing,M.70MKT00.026.1,Mengelola Saluran Distribusi,Menentukan jenis saluran distribusi,cakupan pasar dianalisis
Trade Marketing,M.70MKT00.026.1,Mengelola Saluran Distribusi,Menentukan jenis saluran distribusi,struktur saluran distribusi dirancang.
Trade Marketing,M.70MKT00.026.1,Mengelola Saluran Distribusi,Mengevaluasi kinerja anggota saluran,target penjualan per saluran dipantau
Trade Marketing,M.70MKT00.026.1,Mengelola Saluran Distribusi,Mengevaluasi kinerja anggota saluran,konflik antar saluran diidentifikasi diselesaikan
Trade Marketing,M.70MKT00.026.1,Mengelola Saluran Distribusi,Mengevaluasi kinerja anggota saluran,standar pelayanan distribusi diperiksa.
Marketing Comm.,M.70MKT00.027.1,Mengelola Komunikasi Pemasaran Terpadu,Merumuskan bauran promosi,tujuan komunikasi pemasaran ditetapkan
Marketing Comm.,M.70MKT00.027.1,Mengelola Komunikasi Pemasaran Terpadu,Merumuskan bauran promosi,"media promosi iklan, pr, medsos dipilih"
Marketing Comm.,M.70MKT00.027.1,Mengelola Komunikasi Pemasaran Terpadu,Merumuskan bauran promosi,anggaran promosi dialokasikan.
Marketing Comm.,M.70MKT00.027.1,Mengelola Komunikasi Pemasaran Terpadu,Mengukur efektivitas komunikasi,jangkauan reach frekuensi kampanye diukur
Marketing Comm.,M.70MKT00.027.1,Mengelola Komunikasi Pemasaran Terpadu,Mengukur efektivitas komunikasi,perubahan persepsi konsumen kampanye dianalisis.
CRM Specialist,M.70MKT00.028.1,Mengelola Manajemen Hubungan Pelanggan (CRM),Membangun database pelanggan,data profil pelanggan dikumpulkan
CRM Specialist,M.70MKT00.028.1,Mengelola Manajemen Hubungan Pelanggan (CRM),Membangun database pelanggan,sistem pengelolaan data software crm dioperasikan
CRM Specialist,M.70MKT00.028.1,Mengelola Manajemen Hubungan Pelanggan (CRM),Membangun database pelanggan,segmentasi pelanggan berdasarkan nilai ltv dibuat.
CRM Specialist,M.70MKT00.028.1,Mengelola Manajemen Hubungan Pelanggan (CRM),Menjalankan program retensi,strategi komunikasi personal dikembangkan
CRM Specialist,M.70MKT00.028.1,Mengelola Manajemen Hubungan Pelanggan (CRM),Menjalankan program retensi,program penghargaan loyalitas dilaksanakan
CRM Specialist,M.70MKT00.028.1,Mengelola Manajemen Hubungan Pelanggan (CRM),Menjalankan program retensi,tingkat peralihan pelanggan churn rate dipantau.
Events & Promo,M.70MKT00.029.1,Mengelola Aktivitas Promosi Penjualan,Merancang mekanisme promosi,"jenis promosi diskon, kupon, bundling ditentukan"
Events & Promo,M.70MKT00.029.1,Mengelola Aktivitas Promosi Penjualan,Merancang mekanisme promosi,periode batasan promosi ditetapkan.
Events & Promo,M.70MKT00.029.1,Mengelola Aktivitas Promosi Penjualan,Mengawasi pelaksanaan promosi,ketersediaan stok barang promosi dipastikan
Events & Promo,M.70MKT00.029.1,Mengelola Aktivitas Promosi Penjualan,Mengawasi pelaksanaan promosi,dampak promosi volume penjualan dianalisis.
Sales Analyst,M.70MKT00.030.1,Melakukan Analisis Penjualan,Mengolah data penjualan harian,data penjualan divalidasi keakuratannya
Sales Analyst,M.70MKT00.030.1,Melakukan Analisis Penjualan,Mengolah data penjualan harian,laporan tren penjualan harian mingguan disusun.
Sales Analyst,M.70MKT00.030.1,Melakukan Analisis Penjualan,Memberikan rekomendasi peningkatan,kesenjangan target realisasi dianalisis
Sales Analyst,M.70MKT00.030.1,Melakukan Analisis Penjualan,Memberikan rekomendasi peningkatan,usulan perbaikan strategi penjualan diajukan manajemen.
Business Dev.,M.70MKT00.031.1,Melakukan Analisis Peluang Bisnis Baru,Mencari potensi pasar baru,tren industri teknologi diidentifikasi
Business Dev.,M.70MKT00.031.1,Melakukan Analisis Peluang Bisnis Baru,Mencari potensi pasar baru,kelayakan ekspansi pasar dianalisis finansial.
Business Dev.,M.70MKT00.032.1,Menyusun Strategi Kemitraan Bisnis,Menentukan mitra strategis,kriteria calon mitra bisnis ditetapkan
Business Dev.,M.70MKT00.032.1,Menyusun Strategi Kemitraan Bisnis,Menentukan mitra strategis,profil reputasi calon mitra diverifikasi
Business Dev.,M.70MKT00.032.1,Menyusun Strategi Kemitraan Bisnis,Menentukan mitra strategis,bentuk kerja sama moupks dirumuskan.
Penyelenggara Transfer Dana,K.64SPP01.001.1,Melaksanakan Penyelenggaraan Transfer Dana,Melakukan persiapan transaksi transfer dana,identitas pengirim diverifikasi sesuai prosedur
Penyelenggara Transfer Dana,K.64SPP01.001.1,Melaksanakan Penyelenggaraan Transfer Dana,Melakukan persiapan transaksi transfer dana,dokumen pendukung transfer diperiksa keabsahannya
Penyelenggara Transfer Dana,K.64SPP01.001.1,Melaksanakan Penyelenggaraan Transfer Dana,Melakukan persiapan transaksi transfer dana,formulir pengiriman dana diisi lengkap.
Penyelenggara Transfer Dana,K.64SPP01.001.1,Melaksanakan Penyelenggaraan Transfer Dana,Memproses perintah transfer dana,perintah transfer diinput dalam sistem
Penyelenggara Transfer Dana,K.64SPP01.001.1,Melaksanakan Penyelenggaraan Transfer Dana,Memproses perintah transfer dana,kecukupan dana pengirim dipastikan
Penyelenggara Transfer Dana,K.64SPP01.001.1,Melaksanakan Penyelenggaraan Transfer Dana,Memproses perintah transfer dana,nomor referensi transaksi diterbitkan bukti.
Kasir/Teller,K.64SPP02.003.1,Melakukan Penanganan Uang Rupiah,Mengidentifikasi keaslian uang Rupiah,"ciriciri keaslian uang rupiah diperiksa dilihat, diraba, diterawang"
Kasir/Teller,K.64SPP02.003.1,Melakukan Penanganan Uang Rupiah,Mengidentifikasi keaslian uang Rupiah,alat bantu deteksi uang palsu digunakan
Kasir/Teller,K.64SPP02.003.1,Melakukan Penanganan Uang Rupiah,Mengidentifikasi keaslian uang Rupiah,uang diragukan keasliannya dipisahkan sesuai prosedur bank indonesia.
Kasir/Teller,K.64SPP02.003.1,Melakukan Penanganan Uang Rupiah,Melakukan penghitungan uang Rupiah,uang dihitung manual menggunakan mesin hitung
Kasir/Teller,K.64SPP02.003.1,Melakukan Penanganan Uang Rupiah,Melakukan penghitungan uang Rupiah,jumlah fisik uang dicocokkan catatan transaksi
Kasir/Teller,K.64SPP02.003.1,Melakukan Penanganan Uang Rupiah,Melakukan penghitungan uang Rupiah,uang dikelompokkan berdasarkan denominasi emisi.
Audit Internal,K.64SPP03.005.1,Melakukan Audit Operasional Sistem Pembayaran,Menyiapkan rencana audit,objek audit operasional ditentukan
Audit Internal,K.64SPP03.005.1,Melakukan Audit Operasional Sistem Pembayaran,Menyiapkan rencana audit,program kerja audit disusun berdasarkan tingkat risiko
Audit Internal,K.64SPP03.005.1,Melakukan Audit Operasional Sistem Pembayaran,Menyiapkan rencana audit,jadwal pelaksanaan audit dikomunikasikan auditee.
Audit Internal,K.64SPP03.005.1,Melakukan Audit Operasional Sistem Pembayaran,Melaksanakan prosedur audit,pengujian kepatuhan sop dilakukan
Audit Internal,K.64SPP03.005.1,Melakukan Audit Operasional Sistem Pembayaran,Melaksanakan prosedur audit,buktibukti transaksi diperiksa sampling
Audit Internal,K.64SPP03.005.1,Melakukan Audit Operasional Sistem Pembayaran,Melaksanakan prosedur audit,temuan audit didokumentasikan kertas kerja audit.
Compliance Officer,K.64SPP04.002.1,Menerapkan Program APU dan PPT,Mengidentifikasi profil nasabah,data identitas nasabah dikumpulkan melalui prosedur cdd customer due diligence
Compliance Officer,K.64SPP04.002.1,Menerapkan Program APU dan PPT,Mengidentifikasi profil nasabah,pemilik manfaat beneficial owner diidentifikasi
Compliance Officer,K.64SPP04.002.1,Menerapkan Program APU dan PPT,Mengidentifikasi profil nasabah,"tingkat risiko nasabah rendah, sedang, tinggi ditetapkan."
Compliance Officer,K.64SPP04.002.1,Menerapkan Program APU dan PPT,Memantau transaksi keuangan mencurigakan,transaksi tidak sesuai profil nasabah dideteksi
Compliance Officer,K.64SPP04.002.1,Menerapkan Program APU dan PPT,Memantau transaksi keuangan mencurigakan,laporan transaksi keuangan mencurigakan ltkm disusun
Compliance Officer,K.64SPP04.002.1,Menerapkan Program APU dan PPT,Memantau transaksi keuangan mencurigakan,laporan dikirimkan ppatk melalui sistem tersedia.
Operasional Kliring,K.64SPP01.008.1,Melaksanakan Pertukaran Data Kliring,Menyiapkan data kliring,warkat debitkredit dikumpulkan
Operasional Kliring,K.64SPP01.008.1,Melaksanakan Pertukaran Data Kliring,Menyiapkan data kliring,data transaksi diinput dalam sistem kliring nasional bank indonesia sknbi.
Operasional Kliring,K.64SPP01.008.1,Melaksanakan Pertukaran Data Kliring,Menyelesaikan proses kliring,hasil kliring menangkalah dipantau terminal kliring
Operasional Kliring,K.64SPP01.008.1,Melaksanakan Pertukaran Data Kliring,Menyelesaikan proses kliring,saldo rekening bank indonesia dipastikan mencukupi setelmen.
Pengelola Kas (Cash in Transit),K.64SPP02.010.1,Melaksanakan Pengiriman Uang Tunai,Menyiapkan armada dan personel pengiriman,kendaraan angkut uang dipastikan kondisi layak aman
Pengelola Kas (Cash in Transit),K.64SPP02.010.1,Melaksanakan Pengiriman Uang Tunai,Menyiapkan armada dan personel pengiriman,personel pengawalan dipastikan siap sesuai standar keamanan.
Pengelola Kas (Cash in Transit),K.64SPP02.010.1,Melaksanakan Pengiriman Uang Tunai,Melakukan serah terima uang di lokasi tujuan,berita acara serah terima ditandatangani kedua belah pihak
Pengelola Kas (Cash in Transit),K.64SPP02.010.1,Melaksanakan Pengiriman Uang Tunai,Melakukan serah terima uang di lokasi tujuan,kondisi segel taskantong uang dipastikan utuh.
Risk Management,K.64SPP03.012.1,Melakukan Manajemen Risiko Operasional,Mengidentifikasi kejadian risiko operasional,database kejadian risiko loss event database diperbarui
Risk Management,K.64SPP03.012.1,Melakukan Manajemen Risiko Operasional,Mengidentifikasi kejadian risiko operasional,penyebab utama kegagalan sistem manusia diidentifikasi.
Risk Management,K.64SPP03.012.1,Melakukan Manajemen Risiko Operasional,Melakukan pemantauan risiko,key risk indicators kri dipantau berkala
Risk Management,K.64SPP03.012.1,Melakukan Manajemen Risiko Operasional,Melakukan pemantauan risiko,laporan profil risiko operasional disusun komite manajemen risiko.
IT Support Keuangan,K.64SPP01.015.1,Mengelola Infrastruktur Sistem Pembayaran,Melakukan pemeliharaan sistem,perangkat keras server dipastikan berfungsi optimal
IT Support Keuangan,K.64SPP01.015.1,Mengelola Infrastruktur Sistem Pembayaran,Melakukan pemeliharaan sistem,pembaruan patch keamanan sistem dilakukan rutin.
IT Support Keuangan,K.64SPP01.015.1,Mengelola Infrastruktur Sistem Pembayaran,Menangani gangguan sistem (Troubleshooting),laporan gangguan pengguna ditindaklanjuti
IT Support Keuangan,K.64SPP01.015.1,Mengelola Infrastruktur Sistem Pembayaran,Menangani gangguan sistem (Troubleshooting),prosedur pemulihan bencana disaster recovery dijalankan terjadi kegagalan sistem total.
Settlement Officer,K.64SPP01.020.1,Melakukan Setelmen Transaksi,Melakukan rekonsiliasi data transaksi,data sistem frontend dicocokkan laporan backend
Settlement Officer,K.64SPP01.020.1,Melakukan Setelmen Transaksi,Melakukan rekonsiliasi data transaksi,selisih transaksi discrepancy diidentifikasi penyebabnya.
Settlement Officer,K.64SPP01.020.1,Melakukan Setelmen Transaksi,Melaksanakan penyelesaian akhir,perintah pembukuan buku besar dilakukan
Settlement Officer,K.64SPP01.020.1,Melakukan Setelmen Transaksi,Melaksanakan penyelesaian akhir,laporan harian setelmen disahkan pejabat berwenang.
Treasury Operations,K.64SPP01.025.1,Mengelola Likuiditas Harian,Memantau posisi saldo kas,proyeksi arus kas masuk keluar harian dihitung
Treasury Operations,K.64SPP01.025.1,Mengelola Likuiditas Harian,Memantau posisi saldo kas,kecukupan likuiditas memenuhi kewajiban segera dipastikan.
Treasury Operations,K.64SPP01.025.1,Mengelola Likuiditas Harian,Melakukan penempatan kelebihan dana,instrumen pasar uang jangka pendek dipilih
Treasury Operations,K.64SPP01.025.1,Mengelola Likuiditas Harian,Melakukan penempatan kelebihan dana,transaksi penempatan dana dilakukan melalui sistem disetujui.
Operasional Sistem,K.64SPP01.031.1,Melaksanakan Monitoring Sistem Pembayaran,Melakukan pemantauan transaksi berjalan,status antrian transaksi diperiksa dashboard
Operasional Sistem,K.64SPP01.031.1,Melaksanakan Monitoring Sistem Pembayaran,Melakukan pemantauan transaksi berjalan,kelancaran arus data antar bank dipastikan
Operasional Sistem,K.64SPP01.031.1,Melaksanakan Monitoring Sistem Pembayaran,Melakukan pemantauan transaksi berjalan,indikasi perlambatan sistem diidentifikasi sedini mungkin.
Operasional Sistem,K.64SPP01.031.1,Melaksanakan Monitoring Sistem Pembayaran,Melaporkan hasil pemantauan,laporan performa sistem harian disusun
Operasional Sistem,K.64SPP01.031.1,Melaksanakan Monitoring Sistem Pembayaran,Melaporkan hasil pemantauan,insiden sistemik dilaporkan pengawas sistem pembayaran.
Layanan Pelanggan,K.64SPP01.033.1,Melakukan Penanganan Pengaduan Konsumen,Menerima pengaduan konsumen,keluhan konsumen dicatat sistem penanganan pengaduan
Layanan Pelanggan,K.64SPP01.033.1,Melakukan Penanganan Pengaduan Konsumen,Menerima pengaduan konsumen,buktibukti transaksi diadukan dikumpulkan
Layanan Pelanggan,K.64SPP01.033.1,Melakukan Penanganan Pengaduan Konsumen,Menerima pengaduan konsumen,nomor tiket pengaduan diberikan konsumen.
Layanan Pelanggan,K.64SPP01.033.1,Melakukan Penanganan Pengaduan Konsumen,Menyelesaikan pengaduan konsumen,investigasi internal atas keluhan dilakukan
Layanan Pelanggan,K.64SPP01.033.1,Melakukan Penanganan Pengaduan Konsumen,Menyelesaikan pengaduan konsumen,solusi jawaban diberikan konsumen sesuai batas waktu sla
Layanan Pelanggan,K.64SPP01.033.1,Melakukan Penanganan Pengaduan Konsumen,Menyelesaikan pengaduan konsumen,status pengaduan diperbarui menjadi selesai.
Pengelolaan Uang,K.64SPP02.015.1,Melakukan Pemrosesan Uang Rupiah,Melakukan penyortiran uang Rupiah,uang dipisahkan uang layak edar ule uang layak edar utle
Pengelolaan Uang,K.64SPP02.015.1,Melakukan Pemrosesan Uang Rupiah,Melakukan penyortiran uang Rupiah,uang rusak cacat dikategorikan dimusnahkan
Pengelolaan Uang,K.64SPP02.015.1,Melakukan Pemrosesan Uang Rupiah,Melakukan penyortiran uang Rupiah,uang emisi lama dipisahkan emisi baru.
Pengelolaan Uang,K.64SPP02.015.1,Melakukan Pemrosesan Uang Rupiah,Mengemas uang hasil sortiran,uang dibandiikat sesuai standar jumlah
Pengelolaan Uang,K.64SPP02.015.1,Melakukan Pemrosesan Uang Rupiah,Mengemas uang hasil sortiran,label pengepakan dipasang setiap bundel uang
Pengelolaan Uang,K.64SPP02.015.1,Melakukan Pemrosesan Uang Rupiah,Mengemas uang hasil sortiran,data hasil pengolahan diinput sistem logistik uang.
Audit Teknologi,K.64SPP03.018.1,Melakukan Audit Keamanan Informasi Sistem Pembayaran,Memeriksa akses log sistem,daftar riwayat login administrator diperiksa
Audit Teknologi,K.64SPP03.018.1,Melakukan Audit Keamanan Informasi Sistem Pembayaran,Memeriksa akses log sistem,percobaan akses ilegal unauthorized access diidentifikasi.
Audit Teknologi,K.64SPP03.018.1,Melakukan Audit Keamanan Informasi Sistem Pembayaran,Melakukan evaluasi kontrol enkripsi,standar enkripsi data transaksi dipastikan sesuai regulasi
Audit Teknologi,K.64SPP03.018.1,Melakukan Audit Keamanan Informasi Sistem Pembayaran,Melakukan evaluasi kontrol enkripsi,mekanisme pengelolaan kunci kriptografi diperiksa prosedurnya.
Anti Fraud Officer,K.64SPP04.005.1,Melakukan Deteksi Fraud pada Transaksi Elektronik,Menganalisis pola transaksi mencurigakan,parameter alarm fraud sistem pemantauan diatur
Anti Fraud Officer,K.64SPP04.005.1,Melakukan Deteksi Fraud pada Transaksi Elektronik,Menganalisis pola transaksi mencurigakan,anomali frekuensi transaksi waktu singkat diidentifikasi.
Anti Fraud Officer,K.64SPP04.005.1,Melakukan Deteksi Fraud pada Transaksi Elektronik,Menindaklanjuti indikasi fraud,pemblokiran akun dilakukan sesuai prosedur keamanan
Anti Fraud Officer,K.64SPP04.005.1,Melakukan Deteksi Fraud pada Transaksi Elektronik,Menindaklanjuti indikasi fraud,verifikasi langsung dilakukan pemegang akun.
Operasional Kartu,K.64SPP01.040.1,Mengelola Alat Pembayaran Menggunakan Kartu (APMK),Memproses penerbitan kartu baru,data permohonan kartu divalidasi
Operasional Kartu,K.64SPP01.040.1,Mengelola Alat Pembayaran Menggunakan Kartu (APMK),Memproses penerbitan kartu baru,personalisasi data chip kartu dilakukan
Operasional Kartu,K.64SPP01.040.1,Mengelola Alat Pembayaran Menggunakan Kartu (APMK),Memproses penerbitan kartu baru,pengiriman kartu pin dipastikan melalui jalur aman.
Operasional Kartu,K.64SPP01.040.1,Mengelola Alat Pembayaran Menggunakan Kartu (APMK),Menangani penggantian kartu,kartu rusak hilang diblokir permanen
Operasional Kartu,K.64SPP01.040.1,Mengelola Alat Pembayaran Menggunakan Kartu (APMK),Menangani penggantian kartu,pencetakan kartu pengganti diproses sesuai permintaan nasabah.
Risk Analyst,K.64SPP03.022.1,Melakukan Manajemen Risiko Likuiditas,Menghitung rasio likuiditas,proyeksi arus kas keluar neto net cash outflow dihitung
Risk Analyst,K.64SPP03.022.1,Melakukan Manajemen Risiko Likuiditas,Menghitung rasio likuiditas,posisi high quality liquid assets hqla dipantau.
Risk Analyst,K.64SPP03.022.1,Melakukan Manajemen Risiko Likuiditas,Menyiapkan rencana pendanaan darurat,sumber pendanaan cadangan contingency funding dipetakan
Risk Analyst,K.64SPP03.022.1,Melakukan Manajemen Risiko Likuiditas,Menyiapkan rencana pendanaan darurat,skenario stress test likuiditas dilakukan periodik.
Legal/Compliance,K.64SPP04.010.1,Menelaah Kepatuhan Regulasi Sistem Pembayaran,Melakukan pemantauan regulasi baru,peraturan bank indonesia terbaru diidentifikasi dampaknya
Legal/Compliance,K.64SPP04.010.1,Menelaah Kepatuhan Regulasi Sistem Pembayaran,Melakukan pemantauan regulasi baru,kebijakan internal disesuaikan aturan baru.
Legal/Compliance,K.64SPP04.010.1,Menelaah Kepatuhan Regulasi Sistem Pembayaran,Memberikan opini kepatuhan,analisis hukum atas produk sistem pembayaran baru disusun
Legal/Compliance,K.64SPP04.010.1,Menelaah Kepatuhan Regulasi Sistem Pembayaran,Memberikan opini kepatuhan,rekomendasi teknis diberikan operasional melanggar aturan.
Kasir ATM/CRM,K.64SPP02.022.1,Melakukan Pengisian Kas Mesin ATM/CRM,Menyiapkan kaset uang,kaset atm diisi uang sesuai kapasitas
Kasir ATM/CRM,K.64SPP02.022.1,Melakukan Pengisian Kas Mesin ATM/CRM,Menyiapkan kaset uang,segel kaset dipasang nomor segel dicatat.
Kasir ATM/CRM,K.64SPP02.022.1,Melakukan Pengisian Kas Mesin ATM/CRM,Melakukan rekonsiliasi sisa kas mesin,sisa uang dalam mesin dihitung
Kasir ATM/CRM,K.64SPP02.022.1,Melakukan Pengisian Kas Mesin ATM/CRM,Melakukan rekonsiliasi sisa kas mesin,laporan fisik mesin dicocokkan data jurnal sistem elektronik.
Business Analyst,K.64SPP01.050.1,Mengembangkan Produk Layanan Pembayaran Digital,Melakukan analisis kebutuhan pasar,tren penggunaan qris ewallet dianalisis
Business Analyst,K.64SPP01.050.1,Mengembangkan Produk Layanan Pembayaran Digital,Melakukan analisis kebutuhan pasar,fitur dibutuhkan pengguna diidentifikasi melalui survei.
Business Analyst,K.64SPP01.050.1,Mengembangkan Produk Layanan Pembayaran Digital,Merancang model bisnis layanan,struktur biaya pendapatan pricing model ditentukan
Business Analyst,K.64SPP01.050.1,Mengembangkan Produk Layanan Pembayaran Digital,Merancang model bisnis layanan,skema kerja sama pihak ketiga merchantaggregator disusun.
Risk Analyst,K.64SPP03.023.1,Melakukan Manajemen Risiko Kredit,Mengidentifikasi eksposur risiko kredit,kualitas aset produktif dipantau
Risk Analyst,K.64SPP03.023.1,Melakukan Manajemen Risiko Kredit,Mengidentifikasi eksposur risiko kredit,konsentrasi penyaluran dana dianalisis per sektor
Risk Analyst,K.64SPP03.023.1,Melakukan Manajemen Risiko Kredit,Mengidentifikasi eksposur risiko kredit,potensi kegagalan bayar lawan transaksi diidentifikasi.
Risk Analyst,K.64SPP03.023.1,Melakukan Manajemen Risiko Kredit,Menetapkan limit risiko kredit,batas maksimum penyaluran dana ditentukan
Risk Analyst,K.64SPP03.023.1,Melakukan Manajemen Risiko Kredit,Menetapkan limit risiko kredit,agunan jaminan dievaluasi kecukupannya.
Business Continuity,K.64SPP03.025.1,Mengelola Rencana Kelangsungan Bisnis,Menyusun strategi pemulihan,analisis dampak bisnis bia dilakukan
Business Continuity,K.64SPP03.025.1,Mengelola Rencana Kelangsungan Bisnis,Menyusun strategi pemulihan,prosedur pemulihan layanan kritis ditetapkan
Business Continuity,K.64SPP03.025.1,Mengelola Rencana Kelangsungan Bisnis,Menyusun strategi pemulihan,lokasi kerja cadangan drc disiapkan.
Business Continuity,K.64SPP03.025.1,Mengelola Rencana Kelangsungan Bisnis,Menguji coba rencana kelangsungan bisnis,simulasi gangguan sistem dilakukan rutin
Business Continuity,K.64SPP03.025.1,Mengelola Rencana Kelangsungan Bisnis,Menguji coba rencana kelangsungan bisnis,efektivitas prosedur pemulihan dievaluasi pasca uji coba.
Penyelenggara QRIS,K.64SPP01.062.1,Mengelola Transaksi Pembayaran Berbasis QR Code,Melakukan on-boarding merchant,kelengkapan dokumen legalitas merchant diverifikasi
Penyelenggara QRIS,K.64SPP01.062.1,Mengelola Transaksi Pembayaran Berbasis QR Code,Melakukan on-boarding merchant,kategori merchant msmeregular ditentukan sesuai kriteria
Penyelenggara QRIS,K.64SPP01.062.1,Mengelola Transaksi Pembayaran Berbasis QR Code,Melakukan on-boarding merchant,kode qr merchant id diterbitkan.
Penyelenggara QRIS,K.64SPP01.062.1,Mengelola Transaksi Pembayaran Berbasis QR Code,Melakukan rekonsiliasi transaksi QR,data transaksi sistem switching dicocokkan saldo bank
Penyelenggara QRIS,K.64SPP01.062.1,Mengelola Transaksi Pembayaran Berbasis QR Code,Melakukan rekonsiliasi transaksi QR,dana diteruskan rekening merchant tepat waktu.
IT Security,K.64SPP01.018.1,Mengelola Keamanan Infrastruktur SP,Menerapkan kontrol akses fisik dan logik,hak akses server dibatasi untuk personel berwenang
IT Security,K.64SPP01.018.1,Mengelola Keamanan Infrastruktur SP,Menerapkan kontrol akses fisik dan logik,sistem logging aktivitas administrator diaktifkan
IT Security,K.64SPP01.018.1,Mengelola Keamanan Infrastruktur SP,Menerapkan kontrol akses fisik dan logik,kata sandi password diperbarui berkala.
IT Security,K.64SPP01.018.1,Mengelola Keamanan Infrastruktur SP,Melakukan pemantauan serangan siber,intrusion detection system ids dipantau realtime
IT Security,K.64SPP01.018.1,Mengelola Keamanan Infrastruktur SP,Melakukan pemantauan serangan siber,laporan upaya peretasan didokumentasikan investigasi.
Layanan Syariah,K.64SPP01.070.1,Menerapkan Prinsip Syariah pada Sistem Pembayaran,Memastikan kepatuhan syariah pada produk,"akad digunakan dipastikan bebas riba, gharar, maysir"
Layanan Syariah,K.64SPP01.070.1,Menerapkan Prinsip Syariah pada Sistem Pembayaran,Memastikan kepatuhan syariah pada produk,fatwa dsnmui terkait sistem pembayaran dipedomani.
Layanan Syariah,K.64SPP01.070.1,Menerapkan Prinsip Syariah pada Sistem Pembayaran,Melakukan review aspek syariah berkala,alur transaksi produk diuji kesesuaiannya akad
Layanan Syariah,K.64SPP01.070.1,Menerapkan Prinsip Syariah pada Sistem Pembayaran,Melakukan review aspek syariah berkala,laporan hasil pengawasan syariah disusun manajemen.
Customer Support,K.64SPP01.035.1,Memberikan Layanan Edukasi Konsumen,Menyusun materi literasi keuangan,panduan keamanan bertransaksi digital disiapkan
Customer Support,K.64SPP01.035.1,Memberikan Layanan Edukasi Konsumen,Menyusun materi literasi keuangan,informasi hak kewajiban konsumen disusun bahasa sederhana.
Customer Support,K.64SPP01.035.1,Memberikan Layanan Edukasi Konsumen,Melaksanakan kegiatan sosialisasi,sosialisasi dilakukan melalui kanal digital maupun tatap muka
Customer Support,K.64SPP01.035.1,Memberikan Layanan Edukasi Konsumen,Melaksanakan kegiatan sosialisasi,tingkat pemahaman konsumen diukur melalui kuesioner.
Data Analyst,K.64SPP01.080.1,Mengelola Data Transaksi Sistem Pembayaran,Melakukan pengolahan data statistik transaksi,data volume nilai transaksi harian dikumpulkan
Data Analyst,K.64SPP01.080.1,Mengelola Data Transaksi Sistem Pembayaran,Melakukan pengolahan data statistik transaksi,tren pertumbuhan transaksi nontunai dianalisis.
Data Analyst,K.64SPP01.080.1,Mengelola Data Transaksi Sistem Pembayaran,Menyusun laporan manajerial,visualisasi data disusun bentuk dashboard
Data Analyst,K.64SPP01.080.1,Mengelola Data Transaksi Sistem Pembayaran,Menyusun laporan manajerial,ringkasan eksekutif performa sistem pembayaran disajikan.
Vault Officer,K.64SPP02.025.1,Mengelola Penyimpanan Uang Tunai di Khazanah,Melakukan penataan uang di dalam khazanah,uang disusun berdasarkan denominasi kondisi uleutle
Vault Officer,K.64SPP02.025.1,Mengelola Penyimpanan Uang Tunai di Khazanah,Melakukan penataan uang di dalam khazanah,kapasitas tampung khazanah dipantau tetap aman.
Vault Officer,K.64SPP02.025.1,Mengelola Penyimpanan Uang Tunai di Khazanah,Menjaga keamanan ruang khazanah,dual control pemegang kunci diterapkan masuk ruang
Vault Officer,K.64SPP02.025.1,Mengelola Penyimpanan Uang Tunai di Khazanah,Menjaga keamanan ruang khazanah,suhu kelembapan ruangan dijaga uang rusak.
Logistik Uang,K.64SPP02.030.1,Mengelola Distribusi Uang Rupiah,Merencanakan jadwal distribusi,kebutuhan uang tunai daerah tujuan diprediksi
Logistik Uang,K.64SPP02.030.1,Mengelola Distribusi Uang Rupiah,Merencanakan jadwal distribusi,rute distribusi paling aman efisien ditentukan.
Logistik Uang,K.64SPP02.030.1,Mengelola Distribusi Uang Rupiah,Melaksanakan proses loading/unloading,jumlah bundel uang diperiksa masuk kendaraan
Logistik Uang,K.64SPP02.030.1,Mengelola Distribusi Uang Rupiah,Melaksanakan proses loading/unloading,berita acara distribusi ditandatangani petugas pengawal.
Legal Officer,K.64SPP04.015.1,Menyusun Perjanjian Kerja Sama (PKS),Merancang klausul perjanjian,ruang lingkup kerja sama mitra teknis didefinisikan
Legal Officer,K.64SPP04.015.1,Menyusun Perjanjian Kerja Sama (PKS),Merancang klausul perjanjian,klausul kerahasiaan data nda dimasukkan draf.
Legal Officer,K.64SPP04.015.1,Menyusun Perjanjian Kerja Sama (PKS),Melakukan negosiasi kontrak,perbedaan pandangan hukum mitra diselesaikan
Legal Officer,K.64SPP04.015.1,Menyusun Perjanjian Kerja Sama (PKS),Melakukan negosiasi kontrak,dokumen final pks ditandatangani pejabat berwenang.
E-Wallet Admin,K.64SPP01.085.1,Mengelola Operasional Uang Elektronik,Memantau saldo mengendap (Floating Fund),saldo dana pengguna dihitung hari
E-Wallet Admin,K.64SPP01.085.1,Mengelola Operasional Uang Elektronik,Memantau saldo mengendap (Floating Fund),penempatan dana bank disetujui dipastikan sesuai aturan.
E-Wallet Admin,K.64SPP01.085.1,Mengelola Operasional Uang Elektronik,Menangani pengembalian dana (Refund),validasi klaim kegagalan transaksi dilakukan
E-Wallet Admin,K.64SPP01.085.1,Mengelola Operasional Uang Elektronik,Menangani pengembalian dana (Refund),proses pengembalian saldo akun pengguna dijalankan.
Remittance Clerk,K.64SPP01.090.1,Melakukan Layanan Kiriman Uang Luar Negeri,Melakukan pengecekan sanksi internasional,nama pengirim penerima diperiksa daftar cekal un list
Remittance Clerk,K.64SPP01.090.1,Melakukan Layanan Kiriman Uang Luar Negeri,Melakukan pengecekan sanksi internasional,transaksi negara berisiko tinggi fatf list dianalisis.
Remittance Clerk,K.64SPP01.090.1,Melakukan Layanan Kiriman Uang Luar Negeri,Menginformasikan biaya koresponden,biaya bank perantara bendeduct dijelaskan nasabah
Remittance Clerk,K.64SPP01.090.1,Melakukan Layanan Kiriman Uang Luar Negeri,Menginformasikan biaya koresponden,estimasi waktu dana di negara tujuan diinformasikan.
Internal Auditor,K.64SPP03.030.1,Melakukan Audit Kepatuhan Anti Pencucian Uang,Mengevaluasi sistem scoring risiko nasabah,bobot kriteria risiko nasabah diperiksa logikanya
Internal Auditor,K.64SPP03.030.1,Melakukan Audit Kepatuhan Anti Pencucian Uang,Mengevaluasi sistem scoring risiko nasabah,ketepatan penetapan status pep politically exposed person divalidasi.
Internal Auditor,K.64SPP03.030.1,Melakukan Audit Kepatuhan Anti Pencucian Uang,Meninjau laporan ke PPATK,kelengkapan laporan transaksi tunai ltt diverifikasi
Internal Auditor,K.64SPP03.030.1,Melakukan Audit Kepatuhan Anti Pencucian Uang,Meninjau laporan ke PPATK,ketepatan waktu pengiriman laporan otoritas dipastikan.
Network Admin,K.64SPP01.095.1,Mengelola Jaringan Komunikasi Data Keuangan,Konfigurasi jalur komunikasi tertutup (VPN),jalur komunikasi terenkripsi antar kantor cabang dibangun
Network Admin,K.64SPP01.095.1,Mengelola Jaringan Komunikasi Data Keuangan,Konfigurasi jalur komunikasi tertutup (VPN),performa latensi jaringan dipantau transaksi timeout.
Network Admin,K.64SPP01.095.1,Mengelola Jaringan Komunikasi Data Keuangan,Mengelola redundancy link,jalur koneksi cadangan backup link disiapkan
Network Admin,K.64SPP01.095.1,Mengelola Jaringan Komunikasi Data Keuangan,Mengelola redundancy link,failover otomatis diuji coba berkala.
Finance Officer,K.64SPP01.100.1,Melakukan Pembayaran Pajak Transaksi,Menghitung pajak atas biaya administrasi,pajak pertambahan nilai ppn atas fee transaksi dihitung
Finance Officer,K.64SPP01.100.1,Melakukan Pembayaran Pajak Transaksi,Menghitung pajak atas biaya administrasi,bukti potong pajak disiapkan mitra bisnis.
Finance Officer,K.64SPP01.100.1,Melakukan Pembayaran Pajak Transaksi,Melaporkan setoran pajak,data pajak diunggah sistem efaktur otoritas pajak
Finance Officer,K.64SPP01.100.1,Melakukan Pembayaran Pajak Transaksi,Melaporkan setoran pajak,ssp surat setoran pajak disimpan arsip akuntansi.
Penyelenggara Kliring,K.64SPP01.042.1,Melaksanakan Kliring Berjadwal,Melakukan validasi pesan kliring,pesan kliring masuk diperiksa kelengkapan formatnya
Penyelenggara Kliring,K.64SPP01.042.1,Melaksanakan Kliring Berjadwal,Melakukan validasi pesan kliring,saldo peserta kliring dipastikan cukup proses setelmen.
Penyelenggara Kliring,K.64SPP01.042.1,Melaksanakan Kliring Berjadwal,Menghasilkan laporan posisi kliring,hasil perhitungan kewajiban antar bank diterbitkan
Penyelenggara Kliring,K.64SPP01.042.1,Melaksanakan Kliring Berjadwal,Menghasilkan laporan posisi kliring,laporan rekapitulasi harian dikirimkan peserta kliring.
Officer Penagihan,K.64SPP01.045.1,Mengelola Penagihan Transaksi Gagal,Mengidentifikasi penyebab gagal setelmen,transaksi tidak terselesaikan pending ditarik datanya
Officer Penagihan,K.64SPP01.045.1,Mengelola Penagihan Transaksi Gagal,Mengidentifikasi penyebab gagal setelmen,kesalahan teknis kekurangan dana diidentifikasi.
Officer Penagihan,K.64SPP01.045.1,Mengelola Penagihan Transaksi Gagal,Melakukan rekonsiliasi piutang,konfirmasi penagihan dikirimkan bank lawan
Officer Penagihan,K.64SPP01.045.1,Mengelola Penagihan Transaksi Gagal,Melakukan rekonsiliasi piutang,dana pengganti dipastikan masuk rekening penampung.
Security Guard,K.64SPP02.040.1,Melakukan Pengawalan Uang Tunai,Melakukan pemeriksaan keamanan rute,rute pengiriman dianalisis potensi kerawanannya
Security Guard,K.64SPP02.040.1,Melakukan Pengawalan Uang Tunai,Melakukan pemeriksaan keamanan rute,jalur alternatif disiapkan terjadi hambatan jalur utama.
Security Guard,K.64SPP02.040.1,Melakukan Pengawalan Uang Tunai,Melaksanakan prosedur tanggap darurat,tindakan perlindungan dilakukan terjadi upaya perampokan
Security Guard,K.64SPP02.040.1,Melakukan Pengawalan Uang Tunai,Melaksanakan prosedur tanggap darurat,komunikasi pusat komando command center dijaga selama insiden.
Quality Control,K.64SPP02.045.1,Melakukan Kontrol Kualitas Uang Rupiah,Memeriksa spesifikasi uang baru,kualitas cetak warna uang diperiksa kesesuaiannya standar
Quality Control,K.64SPP02.045.1,Melakukan Kontrol Kualitas Uang Rupiah,Memeriksa spesifikasi uang baru,unsur pengaman security features dipastikan berfungsi.
Quality Control,K.64SPP02.045.1,Melakukan Kontrol Kualitas Uang Rupiah,Mengelola uang hasil sortir mesin,akurasi mesin sortir uang dipantau periodik
Quality Control,K.64SPP02.045.1,Melakukan Kontrol Kualitas Uang Rupiah,Mengelola uang hasil sortir mesin,sampel uang layak edar diuji ketahanannya fisik.
Merchant Relation,K.64SPP01.055.1,Mengelola Layanan Merchant,Melakukan edukasi penggunaan mesin EDC,petugas merchant dilatih cara memproses transaksi
Merchant Relation,K.64SPP01.055.1,Mengelola Layanan Merchant,Melakukan edukasi penggunaan mesin EDC,prosedur penanganan kartu tertelan dijelaskan merchant.
Merchant Relation,K.64SPP01.055.1,Mengelola Layanan Merchant,Memproses klaim chargeback merchant,dokumen sanggahan transaksi dikumpulkan merchant
Merchant Relation,K.64SPP01.055.1,Mengelola Layanan Merchant,Memproses klaim chargeback merchant,investigasi dilakukan menentukan validitas transaksi.
IT Network,K.64SPP01.060.1,Mengelola Konektivitas Antar Bank,Melakukan konfigurasi router jaringan,protokol routing diatur efisiensi pengiriman data
IT Network,K.64SPP01.060.1,Mengelola Konektivitas Antar Bank,Melakukan konfigurasi router jaringan,firewall diatur mengizinkan trafik alamat ip dikenal.
IT Network,K.64SPP01.060.1,Mengelola Konektivitas Antar Bank,Menangani masalah latensi tinggi,analisis trafik dilakukan menggunakan network analyzer
IT Network,K.64SPP01.060.1,Mengelola Konektivitas Antar Bank,Menangani masalah latensi tinggi,bandwidth disesuaikan mencegah kemacetan data transaksi.
Business Strategist,K.64SPP03.040.1,Melakukan Analisis Strategi Bisnis SP,Melakukan benchmarking kompetitor,fitur layanan pembayaran pesaing dipetakan
Business Strategist,K.64SPP03.040.1,Melakukan Analisis Strategi Bisnis SP,Melakukan benchmarking kompetitor,keunggulan kompetitif produk internal dianalisis.
Business Strategist,K.64SPP03.040.1,Melakukan Analisis Strategi Bisnis SP,Menyusun proyeksi pertumbuhan bisnis,target jumlah pengguna volume transaksi ditetapkan
Business Strategist,K.64SPP03.040.1,Melakukan Analisis Strategi Bisnis SP,Menyusun proyeksi pertumbuhan bisnis,rencana pemasaran terintegrasi disusun mencapai target.
Treasury Officer,K.64SPP01.065.1,Mengelola Penempatan Dana di Bank Sentral,Memonitor saldo Giro di Bank Indonesia,saldo harian rekening rtgs dipantau
Treasury Officer,K.64SPP01.065.1,Mengelola Penempatan Dana di Bank Sentral,Memonitor saldo Giro di Bank Indonesia,kecukupan dana giro wajib minimum gwm dipastikan.
Treasury Officer,K.64SPP01.065.1,Mengelola Penempatan Dana di Bank Sentral,Melakukan transaksi pasar uang antar bank,kebutuhan dana jangka pendek overnight dipenuhi melalui pinjaman interbank
Treasury Officer,K.64SPP01.065.1,Mengelola Penempatan Dana di Bank Sentral,Melakukan transaksi pasar uang antar bank,penempatan dana surplus dilakukan optimalisasi profit.
Logistik,K.64SPP02.050.1,Mengelola Inventori Perlengkapan Kas,Mengelola stok segel dan kantong uang,persediaan segel plastik bernomor seri dipantau
Logistik,K.64SPP02.050.1,Mengelola Inventori Perlengkapan Kas,Mengelola stok segel dan kantong uang,kantong uang rusak dipisahkan persediaan.
Logistik,K.64SPP02.050.1,Mengelola Inventori Perlengkapan Kas,Mendistribusikan perlengkapan ke cabang,permintaan perlengkapan kas cabang divalidasi
Logistik,K.64SPP02.050.1,Mengelola Inventori Perlengkapan Kas,Mendistribusikan perlengkapan ke cabang,pengiriman barang dilakukan dokumen tanda terima.
Risk Auditor,K.64SPP03.045.1,Melakukan Audit Risiko Reputasi,Mengidentifikasi pemberitaan negatif,sentimen media sosial terkait layanan sistem pembayaran dipantau
Risk Auditor,K.64SPP03.045.1,Melakukan Audit Risiko Reputasi,Mengidentifikasi pemberitaan negatif,keluhan publik viral diidentifikasi dampaknya citra perusahaan.
Risk Auditor,K.64SPP03.045.1,Melakukan Audit Risiko Reputasi,Menyusun strategi mitigasi krisis,prosedur komunikasi krisis crisis communication disiapkan
Risk Auditor,K.64SPP03.045.1,Melakukan Audit Risiko Reputasi,Menyusun strategi mitigasi krisis,laporan evaluasi kepercayaan nasabah disusun berkala.
App Developer,K.64SPP01.075.1,Mengelola Keamanan Kode Aplikasi SP,Melakukan pengujian penetrasi (Pen-Test),kerentanan aplikasi mobile banking diidentifikasi
App Developer,K.64SPP01.075.1,Mengelola Keamanan Kode Aplikasi SP,Melakukan pengujian penetrasi (Pen-Test),celah keamanan sql injection xss diuji kekuatannya.
App Developer,K.64SPP01.075.1,Mengelola Keamanan Kode Aplikasi SP,Menerapkan enkripsi pada level aplikasi,algoritma enkripsi kuat diimplementasikan data sensitif nasabah
App Developer,K.64SPP01.075.1,Mengelola Keamanan Kode Aplikasi SP,Menerapkan enkripsi pada level aplikasi,pengelolaan token keamanan diatur akses api.
Operational Manager,K.64SPP04.020.1,Mengelola Etika Bisnis Sistem Pembayaran,Menyusun panduan kode etik karyawan,standar perilaku profesional unit sistem pembayaran dirumuskan
Operational Manager,K.64SPP04.020.1,Mengelola Etika Bisnis Sistem Pembayaran,Menyusun panduan kode etik karyawan,larangan gratifikasi benturan kepentingan ditegaskan.
Operational Manager,K.64SPP04.020.1,Mengelola Etika Bisnis Sistem Pembayaran,Melakukan pengawasan integritas,pelanggaran kode etik ditindaklanjuti sesuai peraturan perusahaan
Operational Manager,K.64SPP04.020.1,Mengelola Etika Bisnis Sistem Pembayaran,Melakukan pengawasan integritas,sosialisasi pakta integritas dilakukan seluruh staf operasional.
Customer Experience,K.64SPP01.082.1,Mengelola Antarmuka Layanan Pembayaran,Menganalisis kemudahan navigasi aplikasi,feedback pengguna mengenai uiux aplikasi dikumpulkan
Customer Experience,K.64SPP01.082.1,Mengelola Antarmuka Layanan Pembayaran,Menganalisis kemudahan navigasi aplikasi,kecepatan proses transaksi klik hingga selesai diukur.
Customer Experience,K.64SPP01.082.1,Mengelola Antarmuka Layanan Pembayaran,Melakukan pembaruan desain layanan,fitur baru ditambahkan berdasarkan kebutuhan pengguna
Customer Experience,K.64SPP01.082.1,Mengelola Antarmuka Layanan Pembayaran,Melakukan pembaruan desain layanan,tampilan visual diperbarui lebih intuitif modern.
Asset Manager,K.64SPP02.055.1,Melakukan Pemeliharaan Mesin Pengolah Uang,Melaksanakan perawatan rutin mesin,pembersihan sensor mekanik mesin hitung dilakukan
Asset Manager,K.64SPP02.055.1,Melakukan Pemeliharaan Mesin Pengolah Uang,Melaksanakan perawatan rutin mesin,kalibrasi sensor deteksi uang palsu diperiksa.
Asset Manager,K.64SPP02.055.1,Melakukan Pemeliharaan Mesin Pengolah Uang,Mengelola suku cadang mesin,daftar kebutuhan suku cadang spare parts disusun
Asset Manager,K.64SPP02.055.1,Melakukan Pemeliharaan Mesin Pengolah Uang,Mengelola suku cadang mesin,kerja sama vendor pemeliharaan diawasi performanya.
Reporting Officer,K.64SPP01.092.1,Melaporkan Data Transaksi ke Regulator,Memvalidasi data laporan berkala,angka volume nilai transaksi dicocokkan sistem internal
Reporting Officer,K.64SPP01.092.1,Melaporkan Data Transaksi ke Regulator,Memvalidasi data laporan berkala,kesalahan input data dideteksi pengiriman laporan.
Reporting Officer,K.64SPP01.092.1,Melaporkan Data Transaksi ke Regulator,Mengirimkan laporan via aplikasi regulator,laporan diunggah sistem pelaporan bank indonesia tepat waktu
Reporting Officer,K.64SPP01.092.1,Melaporkan Data Transaksi ke Regulator,Mengirimkan laporan via aplikasi regulator,tanda terima laporan disimpan bukti kepatuhan.
Insinyur Elektro,M.71IEN00.001.1,Melaksanakan Praktik Keinsinyuran dengan Etika dan Profesionalisme,Mematuhi kode etik insinyur dan Mengelola tanggung jawab profesional.,kode etik keinsinyuran dipahami sesuai standar profesi
Insinyur Elektro,M.71IEN00.001.1,Melaksanakan Praktik Keinsinyuran dengan Etika dan Profesionalisme,Mematuhi kode etik insinyur dan Mengelola tanggung jawab profesional.,integritas bekerja dijaga
Insinyur Elektro,M.71IEN00.001.1,Melaksanakan Praktik Keinsinyuran dengan Etika dan Profesionalisme,Mematuhi kode etik insinyur dan Mengelola tanggung jawab profesional.,kepentingan publik diutamakan setiap keputusan teknis
Insinyur Elektro,M.71IEN00.001.1,Melaksanakan Praktik Keinsinyuran dengan Etika dan Profesionalisme,Mematuhi kode etik insinyur dan Mengelola tanggung jawab profesional.,pengembangan kompetensi berkelanjutan dilakukan.
Insinyur Elektro,M.71IEN00.002.1,Melakukan Komunikasi Teknis yang Efektif,Menyusun laporan teknis dan Melakukan presentasi teknis.,dokumen spesifikasi disusun bahasa teknis benar
Insinyur Elektro,M.71IEN00.002.1,Melakukan Komunikasi Teknis yang Efektif,Menyusun laporan teknis dan Melakukan presentasi teknis.,laporan kemajuan proyek dibuat periodik
Insinyur Elektro,M.71IEN00.002.1,Melakukan Komunikasi Teknis yang Efektif,Menyusun laporan teknis dan Melakukan presentasi teknis.,gagasan teknis dipresentasikan pemangku kepentingan.
Insinyur Elektro,M.71IEN00.003.1,Menerapkan Prinsip K3LL di Tempat Kerja,Mengidentifikasi potensi bahaya dan Melaksanakan prosedur keselamatan kerja.,analisis risiko lingkungan kerja dilakukan
Insinyur Elektro,M.71IEN00.003.1,Menerapkan Prinsip K3LL di Tempat Kerja,Mengidentifikasi potensi bahaya dan Melaksanakan prosedur keselamatan kerja.,apd digunakan sesuai standar
Insinyur Elektro,M.71IEN00.003.1,Menerapkan Prinsip K3LL di Tempat Kerja,Mengidentifikasi potensi bahaya dan Melaksanakan prosedur keselamatan kerja.,prosedur keadaan darurat dipatuhi
Insinyur Elektro,M.71IEN00.003.1,Menerapkan Prinsip K3LL di Tempat Kerja,Mengidentifikasi potensi bahaya dan Melaksanakan prosedur keselamatan kerja.,dampak lingkungan proyek elektro diminimalisir.
Insinyur Elektro,M.71IEN00.004.1,Melakukan Perencanaan Sistem Tenaga Listrik,Menganalisis kebutuhan beban dan Merancang konfigurasi jaringan.,profil beban harian dihitung
Insinyur Elektro,M.71IEN00.004.1,Melakukan Perencanaan Sistem Tenaga Listrik,Menganalisis kebutuhan beban dan Merancang konfigurasi jaringan.,pertumbuhan beban masa depan diprediksi
Insinyur Elektro,M.71IEN00.004.1,Melakukan Perencanaan Sistem Tenaga Listrik,Menganalisis kebutuhan beban dan Merancang konfigurasi jaringan.,diagram satu garis single line diagram dirancang
Insinyur Elektro,M.71IEN00.004.1,Melakukan Perencanaan Sistem Tenaga Listrik,Menganalisis kebutuhan beban dan Merancang konfigurasi jaringan.,proteksi sistem ditentukan.
Insinyur Elektro,M.71IEN00.005.1,Melakukan Desain Instalasi Listrik Industri,Menentukan spesifikasi peralatan dan Membuat gambar rancangan.,kapasitas transformator kabel dipilih sesuai beban industri
Insinyur Elektro,M.71IEN00.005.1,Melakukan Desain Instalasi Listrik Industri,Menentukan spesifikasi peralatan dan Membuat gambar rancangan.,motor control center mcc dirancang
Insinyur Elektro,M.71IEN00.005.1,Melakukan Desain Instalasi Listrik Industri,Menentukan spesifikasi peralatan dan Membuat gambar rancangan.,layout peralatan dibuat
Insinyur Elektro,M.71IEN00.005.1,Melakukan Desain Instalasi Listrik Industri,Menentukan spesifikasi peralatan dan Membuat gambar rancangan.,jadwal kabel disusun.
Insinyur Elektro,M.71IEN00.006.1,Menerapkan Sistem Kontrol dan Automasi,Merancang logika kontrol dan Mengintegrasikan komponen automasi.,algoritma kontrol plcdcs disusun
Insinyur Elektro,M.71IEN00.006.1,Menerapkan Sistem Kontrol dan Automasi,Merancang logika kontrol dan Mengintegrasikan komponen automasi.,hmi dirancang monitoring
Insinyur Elektro,M.71IEN00.006.1,Menerapkan Sistem Kontrol dan Automasi,Merancang logika kontrol dan Mengintegrasikan komponen automasi.,sensor aktuator dipilih sesuai parameter proses
Insinyur Elektro,M.71IEN00.006.1,Menerapkan Sistem Kontrol dan Automasi,Merancang logika kontrol dan Mengintegrasikan komponen automasi.,jaringan komunikasi data industri dikonfigurasi.
Insinyur Elektro,M.71IEN00.007.1,Melakukan Analisis Aliran Daya dan Hubung Singkat,Melakukan pemodelan sistem dan Mengevaluasi hasil simulasi.,data parameter peralatan diinput perangkat lunak simulasi
Insinyur Elektro,M.71IEN00.007.1,Melakukan Analisis Aliran Daya dan Hubung Singkat,Melakukan pemodelan sistem dan Mengevaluasi hasil simulasi.,drop tegangan dianalisis
Insinyur Elektro,M.71IEN00.007.1,Melakukan Analisis Aliran Daya dan Hubung Singkat,Melakukan pemodelan sistem dan Mengevaluasi hasil simulasi.,arus hubung singkat dihitung setting proteksi.
Insinyur Elektro,M.71IEN00.008.1,Merancang Sistem Proteksi Tenaga Listrik,Menentukan koordinasi proteksi dan Memilih gawai proteksi.,kurva koordinasi relai dibuat
Insinyur Elektro,M.71IEN00.008.1,Merancang Sistem Proteksi Tenaga Listrik,Menentukan koordinasi proteksi dan Memilih gawai proteksi.,pemutus tenaga circuit breaker dipilih sesuai rating
Insinyur Elektro,M.71IEN00.008.1,Merancang Sistem Proteksi Tenaga Listrik,Menentukan koordinasi proteksi dan Memilih gawai proteksi.,sistem pentanahan grounding dirancang.
Insinyur Elektro,M.71IEN00.009.1,Melakukan Studi Kelayakan Proyek Elektro,Melakukan analisis teknis dan Melakukan analisis ekonomi.,ketersediaan teknologi dievaluasi
Insinyur Elektro,M.71IEN00.009.1,Melakukan Studi Kelayakan Proyek Elektro,Melakukan analisis teknis dan Melakukan analisis ekonomi.,biaya investasi capex operasional opex dihitung
Insinyur Elektro,M.71IEN00.009.1,Melakukan Studi Kelayakan Proyek Elektro,Melakukan analisis teknis dan Melakukan analisis ekonomi.,nilai npv irr dianalisis.
Insinyur Elektro,M.71IEN00.010.1,Mengelola Manajemen Proyek Teknik Elektro,Menyusun jadwal pelaksanaan dan Melakukan pengawasan sumber daya.,wbs proyek dibuat
Insinyur Elektro,M.71IEN00.010.1,Mengelola Manajemen Proyek Teknik Elektro,Menyusun jadwal pelaksanaan dan Melakukan pengawasan sumber daya.,kurva s dipantau
Insinyur Elektro,M.71IEN00.010.1,Mengelola Manajemen Proyek Teknik Elektro,Menyusun jadwal pelaksanaan dan Melakukan pengawasan sumber daya.,kebutuhan material tenaga kerja dikoordinasikan
Insinyur Elektro,M.71IEN00.010.1,Mengelola Manajemen Proyek Teknik Elektro,Menyusun jadwal pelaksanaan dan Melakukan pengawasan sumber daya.,anggaran proyek dikendalikan.
Insinyur Elektro,M.71IEN00.011.1,Melakukan Pengadaan Barang dan Jasa Teknik,Menyusun dokumen tender dan Melakukan evaluasi penawaran.,spesifikasi teknis rks disusun
Insinyur Elektro,M.71IEN00.011.1,Melakukan Pengadaan Barang dan Jasa Teknik,Menyusun dokumen tender dan Melakukan evaluasi penawaran.,klarifikasi teknis dilakukan vendor
Insinyur Elektro,M.71IEN00.011.1,Melakukan Pengadaan Barang dan Jasa Teknik,Menyusun dokumen tender dan Melakukan evaluasi penawaran.,penilaian teknis harga diberikan objektif.
Insinyur Elektro,M.71IEN00.012.1,Melaksanakan Supervisi Konstruksi Elektro,Memeriksa kesesuaian lapangan dan Menyetujui metode kerja.,pemasangan peralatan dipastikan sesuai gambar desain
Insinyur Elektro,M.71IEN00.012.1,Melaksanakan Supervisi Konstruksi Elektro,Memeriksa kesesuaian lapangan dan Menyetujui metode kerja.,prosedur instalasi vendor diperiksa
Insinyur Elektro,M.71IEN00.012.1,Melaksanakan Supervisi Konstruksi Elektro,Memeriksa kesesuaian lapangan dan Menyetujui metode kerja.,kendala teknis lapangan diselesaikan melalui instruksi lapangan.
Insinyur Elektro,M.71IEN00.013.1,Melakukan Testing dan Commissioning Sistem,Melakukan uji individu alat dan Melakukan uji fungsi sistem terintegrasi.,uji tahanan isolasi kontinuitas dilakukan
Insinyur Elektro,M.71IEN00.013.1,Melakukan Testing dan Commissioning Sistem,Melakukan uji individu alat dan Melakukan uji fungsi sistem terintegrasi.,sistem diuji coba kondisi beban
Insinyur Elektro,M.71IEN00.013.1,Melakukan Testing dan Commissioning Sistem,Melakukan uji individu alat dan Melakukan uji fungsi sistem terintegrasi.,berita acara commissioning disusun.
Insinyur Elektro,M.71IEN00.014.1,Mengelola Operasi Sistem Tenaga Listrik,Mengatur pembebanan dan Menjaga kualitas daya.,pengaturan jadwal pembangkitan dilakukan
Insinyur Elektro,M.71IEN00.014.1,Mengelola Operasi Sistem Tenaga Listrik,Mengatur pembebanan dan Menjaga kualitas daya.,frekuensi tegangan dijaga batas toleransi
Insinyur Elektro,M.71IEN00.014.1,Mengelola Operasi Sistem Tenaga Listrik,Mengatur pembebanan dan Menjaga kualitas daya.,manuver jaringan dilakukan gangguan.
Insinyur Elektro,M.71IEN00.015.1,Melakukan Pemeliharaan Peralatan Listrik,Menyusun program pemeliharaan dan Menganalisis hasil pemeliharaan.,jadwal preventif prediktif dibuat
Insinyur Elektro,M.71IEN00.015.1,Melakukan Pemeliharaan Peralatan Listrik,Menyusun program pemeliharaan dan Menganalisis hasil pemeliharaan.,riwayat kerusakan alat dianalisis
Insinyur Elektro,M.71IEN00.015.1,Melakukan Pemeliharaan Peralatan Listrik,Menyusun program pemeliharaan dan Menganalisis hasil pemeliharaan.,tindakan perbaikan corrective ditentukan.
Insinyur Elektro,M.71IEN00.016.1,Melakukan Audit Energi,Mengukur penggunaan energi dan Memberikan rekomendasi efisiensi.,pengukuran konsumsi listrik dilakukan titik beban utama
Insinyur Elektro,M.71IEN00.016.1,Melakukan Audit Energi,Mengukur penggunaan energi dan Memberikan rekomendasi efisiensi.,peluang hemat energi phe diidentifikasi
Insinyur Elektro,M.71IEN00.016.1,Melakukan Audit Energi,Mengukur penggunaan energi dan Memberikan rekomendasi efisiensi.,analisis biaya manfaat efisiensi energi disusun.
Insinyur Elektro,M.71IEN00.017.1,Menerapkan Standar dan Regulasi Ketenagalistrikan,Menelaah regulasi terbaru dan Memastikan kepatuhan desain.,"standar puil, iec, ansi dipatuhi"
Insinyur Elektro,M.71IEN00.017.1,Menerapkan Standar dan Regulasi Ketenagalistrikan,Menelaah regulasi terbaru dan Memastikan kepatuhan desain.,peraturan pemerintah keselamatan ketenagalistrikan diterapkan.
Insinyur Elektro,M.71IEN00.018.1,Merancang Sistem Energi Terbarukan,Menganalisis potensi sumber energi dan Merancang sistem konversi energi.,potensi mataharianginair dipetakan
Insinyur Elektro,M.71IEN00.018.1,Merancang Sistem Energi Terbarukan,Menganalisis potensi sumber energi dan Merancang sistem konversi energi.,sistem interkoneksi jalajala listrik grid dirancang
Insinyur Elektro,M.71IEN00.018.1,Merancang Sistem Energi Terbarukan,Menganalisis potensi sumber energi dan Merancang sistem konversi energi.,penyimpanan energi baterai dikonfigurasi.
Insinyur Elektro,M.71IEN00.019.1,Menggunakan Perangkat Lunak Teknik Elektro,Mengoperasikan software desain dan Mengelola data teknis digital.,software cad pemodelan sistem digunakan mahir
Insinyur Elektro,M.71IEN00.019.1,Menggunakan Perangkat Lunak Teknik Elektro,Mengoperasikan software desain dan Mengelola data teknis digital.,integritas data desain digital dijaga.
Insinyur Elektro,M.71IEN00.020.1,Mengelola Rantai Pasok Keinsinyuran,Mengevaluasi rantai pasokan dan Mengelola hubungan vendor.,strategi pembelian material utama disusun
Insinyur Elektro,M.71IEN00.020.1,Mengelola Rantai Pasok Keinsinyuran,Mengevaluasi rantai pasokan dan Mengelola hubungan vendor.,sistem evaluasi efektivitas pasokan diterapkan
Insinyur Elektro,M.71IEN00.020.1,Mengelola Rantai Pasok Keinsinyuran,Mengevaluasi rantai pasokan dan Mengelola hubungan vendor.,kerjasama kolaboratif mitra teknis dijalankan.
Insinyur Teknik Industri,M.71IEN01.001.1,Melaksanakan Praktik Keinsinyuran dengan Etika dan Profesionalisme,Mematuhi kode etik insinyur profesional,kode etik keinsinyuran dipahami sesuai standar organisasi profesi
Insinyur Teknik Industri,M.71IEN01.001.1,Melaksanakan Praktik Keinsinyuran dengan Etika dan Profesionalisme,Mematuhi kode etik insinyur profesional,integritas praktik profesional dijaga konsisten.
Insinyur Teknik Industri,M.71IEN01.002.1,Melakukan Komunikasi Teknis yang Efektif,Menyusun laporan teknis keinsinyuran,struktur laporan disusun sesuai standar teknis
Insinyur Teknik Industri,M.71IEN01.002.1,Melakukan Komunikasi Teknis yang Efektif,Menyusun laporan teknis keinsinyuran,informasi teknis disajikan akurat mudah dipahami.
Insinyur Teknik Industri,M.71IEN01.003.1,Menerapkan Prinsip K3LL di Tempat Kerja,Mengelola risiko keselamatan dan kesehatan kerja,bahaya tempat kerja diidentifikasi dini
Insinyur Teknik Industri,M.71IEN01.003.1,Menerapkan Prinsip K3LL di Tempat Kerja,Mengelola risiko keselamatan dan kesehatan kerja,prosedur mitigasi risiko k3 diterapkan sesuai regulasi berlaku.
Industrial Engineer,M.71IEN01.004.1,Melakukan Analisis dan Perancangan Sistem Kerja,Melakukan pengukuran kerja,metode pengukuran kerja dipilih berdasarkan karakteristik pekerjaan
Industrial Engineer,M.71IEN01.004.1,Melakukan Analisis dan Perancangan Sistem Kerja,Melakukan pengukuran kerja,waktu standar ditetapkan mengoptimalkan produktivitas.
Industrial Engineer,M.71IEN01.004.1,Melakukan Analisis dan Perancangan Sistem Kerja,Merancang tata letak fasilitas (Plant Layout),aliran material dianalisis efisiensi perpindahan
Industrial Engineer,M.71IEN01.004.1,Melakukan Analisis dan Perancangan Sistem Kerja,Merancang tata letak fasilitas (Plant Layout),penempatan mesin stasiun kerja dirancang ergonomis.
Industrial Engineer,M.71IEN01.005.1,Melakukan Perencanaan dan Pengendalian Produksi,Menyusun rencana produksi induk (Master Production Schedule),kapasitas produksi dihitung berdasarkan ketersediaan sumber daya
Industrial Engineer,M.71IEN01.005.1,Melakukan Perencanaan dan Pengendalian Produksi,Menyusun rencana produksi induk (Master Production Schedule),jadwal produksi disusun sesuai target permintaan pasar.
Industrial Engineer,M.71IEN01.006.1,Mengelola Manajemen Kualitas,Menerapkan pengendalian kualitas statistik,parameter kualitas produk ditentukan
Industrial Engineer,M.71IEN01.006.1,Mengelola Manajemen Kualitas,Menerapkan pengendalian kualitas statistik,alat kendali statistik control chart digunakan memantau variasi proses.
Industrial Engineer,M.71IEN01.006.1,Mengelola Manajemen Kualitas,Melakukan perbaikan berkelanjutan (Continuous Improvement),akar penyebab masalah kualitas dianalisis
Industrial Engineer,M.71IEN01.006.1,Mengelola Manajemen Kualitas,Melakukan perbaikan berkelanjutan (Continuous Improvement),tindakan korektif preventif diimplementasikan mengurangi produk cacat.
Industrial Engineer,M.71IEN01.007.1,Melakukan Analisis Ekonomi Teknik,Melakukan evaluasi kelayakan finansial,arus kas proyek diestimasi cermat
Industrial Engineer,M.71IEN01.007.1,Melakukan Analisis Ekonomi Teknik,Melakukan evaluasi kelayakan finansial,"parameter ekonomi npv, irr, payback period dihitung pengambilan keputusan."
Industrial Engineer,M.71IEN01.008.1,Mengelola Rantai Pasok (Supply Chain),Mengoptimalkan manajemen inventori,level stok minimum maksimum ditentukan
Industrial Engineer,M.71IEN01.008.1,Mengelola Rantai Pasok (Supply Chain),Mengoptimalkan manajemen inventori,kebijakan pemesanan reorder point diterapkan mencegah kekurangan stok.
Industrial Engineer,M.71IEN01.009.1,Merancang Sistem Informasi Industri,Mengidentifikasi kebutuhan sistem informasi,kebutuhan data operasional dipetakan
Industrial Engineer,M.71IEN01.009.1,Merancang Sistem Informasi Industri,Mengidentifikasi kebutuhan sistem informasi,aliran informasi antar departemen didokumentasikan diagram alir.
Industrial Engineer,M.71IEN01.010.1,Melakukan Pemodelan dan Simulasi Sistem,Membangun model simulasi sistem,logika sistem diterjemahkan dalam parameter model
Industrial Engineer,M.71IEN01.010.1,Melakukan Pemodelan dan Simulasi Sistem,Membangun model simulasi sistem,validasi verifikasi model dilakukan data riil lapangan.
Industrial Engineer,M.71IEN01.011.1,Mengelola Proyek Teknik Industri,Melakukan perencanaan jadwal proyek,aktivitas proyek diidentifikasi menggunakan wbs
Industrial Engineer,M.71IEN01.011.1,Mengelola Proyek Teknik Industri,Melakukan perencanaan jadwal proyek,jalur kritis critical path method ditentukan memastikan proyek tepat waktu.
Insinyur Profesional,M.71IEN01.012.1,Menerapkan Manajemen Inovasi dan Teknologi,Melakukan penilaian teknologi,kesiapan teknologi trl dievaluasi
Insinyur Profesional,M.71IEN01.012.1,Menerapkan Manajemen Inovasi dan Teknologi,Melakukan penilaian teknologi,potensi penerapan teknologi baru efisiensi operasional dianalisis.
Insinyur Profesional,M.71IEN01.013.1,Melakukan Strategi Organisasi dan Bisnis,Menyusun analisis SWOT organisasi,faktor internal eksternal organisasi dipetakan
Insinyur Profesional,M.71IEN01.013.1,Melakukan Strategi Organisasi dan Bisnis,Menyusun analisis SWOT organisasi,strategi pengembangan bisnis dirumuskan berdasarkan posisi pasar.
Industrial Engineer,M.71IEN01.014.1,Melakukan Perancangan Produk,Mengembangkan konsep produk baru,spesifikasi teknis produk disusun berdasarkan kebutuhan konsumen
Industrial Engineer,M.71IEN01.014.1,Melakukan Perancangan Produk,Mengembangkan konsep produk baru,desain purwarupa diuji fungsinya produksi massal.
Industrial Engineer,M.71IEN01.015.1,Melakukan Pengelolaan Logistik,Mengelola sistem pergudangan,prosedur penerimaan pengeluaran barang diatur
Industrial Engineer,M.71IEN01.015.1,Melakukan Pengelolaan Logistik,Mengelola sistem pergudangan,efisiensi ruang gudang dioptimalkan melalui sistem penyimpanan tepat.
Industrial Engineer,M.71IEN01.016.1,Mengelola Fasilitas Industri,Merencanakan pemeliharaan fasilitas,jadwal perawatan preventif disusun mencegah kerusakan mesin
Industrial Engineer,M.71IEN01.016.1,Mengelola Fasilitas Industri,Merencanakan pemeliharaan fasilitas,riwayat kerusakan fasilitas didokumentasikan evaluasi kinerja.
Industrial Engineer,M.71IEN01.017.1,Melaksanakan Ergonomi di Lingkungan Kerja,Menilai beban kerja fisik dan mental,"kondisi lingkungan kerja pencahayaan, kebisingan diukur"
Industrial Engineer,M.71IEN01.017.1,Melaksanakan Ergonomi di Lingkungan Kerja,Menilai beban kerja fisik dan mental,postur kerja karyawan dianalisis mencegah cedera otot rangka.
Insinyur Teknik Industri,M.71IEN01.018.1,Mengelola Sumber Daya Manusia Teknik,Melakukan penilaian kinerja tim teknis,indikator kinerja utama kpi ditetapkan tim
Insinyur Teknik Industri,M.71IEN01.018.1,Mengelola Sumber Daya Manusia Teknik,Melakukan penilaian kinerja tim teknis,evaluasi hasil kerja dilakukan objektif pengembangan kompetensi.
Env. Specialist,B.06SML00.001.1,Mengidentifikasi Aspek dan Dampak Lingkungan,Menentukan aspek lingkungan dan Mengevaluasi dampak lingkungan.,kegiatan organisasi diinventarisasi
Env. Specialist,B.06SML00.001.1,Mengidentifikasi Aspek dan Dampak Lingkungan,Menentukan aspek lingkungan dan Mengevaluasi dampak lingkungan.,unsur kegiatan berinteraksi lingkungan diidentifikasi
Env. Specialist,B.06SML00.001.1,Mengidentifikasi Aspek dan Dampak Lingkungan,Menentukan aspek lingkungan dan Mengevaluasi dampak lingkungan.,signifikansi dampak dinilai berdasarkan kriteria
Env. Specialist,B.06SML00.001.1,Mengidentifikasi Aspek dan Dampak Lingkungan,Menentukan aspek lingkungan dan Mengevaluasi dampak lingkungan.,prioritas penanganan dampak disusun.
Env. Specialist,B.06SML00.002.1,Menentukan Kewajiban Penaatan Lingkungan,Mengidentifikasi peraturan dan Mengevaluasi kepatuhan.,peraturan lingkungan hidup diinventarisasi
Env. Specialist,B.06SML00.002.1,Menentukan Kewajiban Penaatan Lingkungan,Mengidentifikasi peraturan dan Mengevaluasi kepatuhan.,persyaratan relevan diidentifikasi
Env. Specialist,B.06SML00.002.1,Menentukan Kewajiban Penaatan Lingkungan,Mengidentifikasi peraturan dan Mengevaluasi kepatuhan.,pemenuhan regulasi diperiksa rutin
Env. Specialist,B.06SML00.002.1,Menentukan Kewajiban Penaatan Lingkungan,Mengidentifikasi peraturan dan Mengevaluasi kepatuhan.,kesenjangan penaatan diidentifikasi.
Env. Specialist,B.06SML00.003.1,Menyusun Kebijakan Lingkungan,Merumuskan draf kebijakan dan Mengomunikasikan kebijakan.,komitmen perlindungan lingkungan ditetapkan
Env. Specialist,B.06SML00.003.1,Menyusun Kebijakan Lingkungan,Merumuskan draf kebijakan dan Mengomunikasikan kebijakan.,kerangka sasaran lingkungan disusun
Env. Specialist,B.06SML00.003.1,Menyusun Kebijakan Lingkungan,Merumuskan draf kebijakan dan Mengomunikasikan kebijakan.,kebijakan disosialisasikan
Env. Specialist,B.06SML00.003.1,Menyusun Kebijakan Lingkungan,Merumuskan draf kebijakan dan Mengomunikasikan kebijakan.,akses publik disediakan.
Env. Planner,B.06SML00.004.1,Menetapkan Sasaran dan Program Lingkungan,Menetapkan sasaran dan Menyusun rencana program.,sasaran ditetapkan fungsi relevan
Env. Planner,B.06SML00.004.1,Menetapkan Sasaran dan Program Lingkungan,Menetapkan sasaran dan Menyusun rencana program.,indikator kinerja epi ditentukan
Env. Planner,B.06SML00.004.1,Menetapkan Sasaran dan Program Lingkungan,Menetapkan sasaran dan Menyusun rencana program.,sumber daya dialokasikan
Env. Planner,B.06SML00.004.1,Menetapkan Sasaran dan Program Lingkungan,Menetapkan sasaran dan Menyusun rencana program.,penanggung jawab jadwal ditetapkan.
Env. Officer,B.06SML00.005.1,Melaksanakan Pengendalian Operasional Lingkungan,"Menerapkan prosedur, Mengelola limbah/emisi dan Tanggap darurat.",kriteria operasional ditetapkan
Env. Officer,B.06SML00.005.1,Melaksanakan Pengendalian Operasional Lingkungan,"Menerapkan prosedur, Mengelola limbah/emisi dan Tanggap darurat.",penanganan limbah sesuai standar
Env. Officer,B.06SML00.005.1,Melaksanakan Pengendalian Operasional Lingkungan,"Menerapkan prosedur, Mengelola limbah/emisi dan Tanggap darurat.",pemantauan emisi dilakukan
Env. Officer,B.06SML00.005.1,Melaksanakan Pengendalian Operasional Lingkungan,"Menerapkan prosedur, Mengelola limbah/emisi dan Tanggap darurat.",potensi darurat diidentifikasi
Env. Officer,B.06SML00.005.1,Melaksanakan Pengendalian Operasional Lingkungan,"Menerapkan prosedur, Mengelola limbah/emisi dan Tanggap darurat.",prosedur respon diuji coba.
Env. Auditor,B.06SML00.006.1,Melaksanakan Audit Internal SML,"Merencanakan audit, Mengumpulkan bukti dan Melaporkan hasil.",ruang lingkup ditetapkan
Env. Auditor,B.06SML00.006.1,Melaksanakan Audit Internal SML,"Merencanakan audit, Mengumpulkan bukti dan Melaporkan hasil.",tim auditor dipilih
Env. Auditor,B.06SML00.006.1,Melaksanakan Audit Internal SML,"Merencanakan audit, Mengumpulkan bukti dan Melaporkan hasil.",observasi wawancara dilakukan
Env. Auditor,B.06SML00.006.1,Melaksanakan Audit Internal SML,"Merencanakan audit, Mengumpulkan bukti dan Melaporkan hasil.",temuan didokumentasikan
Env. Auditor,B.06SML00.006.1,Melaksanakan Audit Internal SML,"Merencanakan audit, Mengumpulkan bukti dan Melaporkan hasil.",rekomendasi perbaikan diajukan.
Manager,B.06SML00.007.1,Melakukan Tinjauan Manajemen SML,"Menyiapkan input, Mengevaluasi sistem dan Menetapkan output.",data kinerja lingkungan dikumpulkan
Manager,B.06SML00.007.1,Melakukan Tinjauan Manajemen SML,"Menyiapkan input, Mengevaluasi sistem dan Menetapkan output.",efektivitas sistem dinilai
Manager,B.06SML00.007.1,Melakukan Tinjauan Manajemen SML,"Menyiapkan input, Mengevaluasi sistem dan Menetapkan output.",keputusan perbaikan ditetapkan
Manager,B.06SML00.007.1,Melakukan Tinjauan Manajemen SML,"Menyiapkan input, Mengevaluasi sistem dan Menetapkan output.",arahan strategis diterbitkan.
Operasional LKM,K.64LKM00.001.1,Melaksanakan Budaya Kerja dan Etika Bisnis,Menerapkan budaya kerja organisasi,budaya kerja organisasi diidentifikasi sesuai visi misi
Operasional LKM,K.64LKM00.001.1,Melaksanakan Budaya Kerja dan Etika Bisnis,Menerapkan budaya kerja organisasi,budaya kerja diimplementasikan aktivitas harian
Operasional LKM,K.64LKM00.001.1,Melaksanakan Budaya Kerja dan Etika Bisnis,Menerapkan budaya kerja organisasi,perilaku kerja dievaluasi berdasarkan standar etika.
Operasional LKM,K.64LKM00.001.1,Melaksanakan Budaya Kerja dan Etika Bisnis,Melaksanakan etika bisnis,prinsip transparansi akuntabilitas diterapkan layanan
Operasional LKM,K.64LKM00.001.1,Melaksanakan Budaya Kerja dan Etika Bisnis,Melaksanakan etika bisnis,benturan kepentingan dihindari sesuai kebijakan perusahaan.
Analisis Pembiayaan,K.64LKM00.003.1,Melakukan Analisis Kelayakan Pinjaman atau Pembiayaan,Melakukan verifikasi data calon debitur,identitas legalitas calon debitur diperiksa keabsahannya
Analisis Pembiayaan,K.64LKM00.003.1,Melakukan Analisis Kelayakan Pinjaman atau Pembiayaan,Melakukan verifikasi data calon debitur,dokumen pendukung pinjaman divalidasi keakuratannya
Analisis Pembiayaan,K.64LKM00.003.1,Melakukan Analisis Kelayakan Pinjaman atau Pembiayaan,Melakukan verifikasi data calon debitur,riwayat kredit dicek melalui sistem informasi debitur.
Analisis Pembiayaan,K.64LKM00.003.1,Melakukan Analisis Kelayakan Pinjaman atau Pembiayaan,"Menilai aspek 5C (Character, Capacity, Capital, Collateral, Condition)",watak niat baik debitur dinilai
Analisis Pembiayaan,K.64LKM00.003.1,Melakukan Analisis Kelayakan Pinjaman atau Pembiayaan,"Menilai aspek 5C (Character, Capacity, Capital, Collateral, Condition)",kemampuan membayar repayment capacity dihitung
Analisis Pembiayaan,K.64LKM00.003.1,Melakukan Analisis Kelayakan Pinjaman atau Pembiayaan,"Menilai aspek 5C (Character, Capacity, Capital, Collateral, Condition)",jaminan dinilai fisik legal.
Kasir/Teller LKM,K.64LKM00.005.1,Melakukan Transaksi Kas,Melakukan penerimaan kas,jumlah uang tunai dihitung depan nasabah
Kasir/Teller LKM,K.64LKM00.005.1,Melakukan Transaksi Kas,Melakukan penerimaan kas,keaslian uang diperiksa manual alat deteksi
Kasir/Teller LKM,K.64LKM00.005.1,Melakukan Transaksi Kas,Melakukan penerimaan kas,bukti transaksi slip divalidasi ditandatangani.
Kasir/Teller LKM,K.64LKM00.005.1,Melakukan Transaksi Kas,Melakukan pengeluaran kas,dana dikeluarkan dipastikan sesuai instruksi penarikan
Kasir/Teller LKM,K.64LKM00.005.1,Melakukan Transaksi Kas,Melakukan pengeluaran kas,ketersediaan saldo nasabah diverifikasi pembayaran
Kasir/Teller LKM,K.64LKM00.005.1,Melakukan Transaksi Kas,Melakukan pengeluaran kas,saldo kas akhir hari dicocokkan rekonsiliasi.
Pemasaran/AO,K.64LKM00.007.1,Melakukan Pemasaran Produk LKM,Mengidentifikasi potensi pasar,wilayah pemasaran dipetakan berdasarkan target audiens
Pemasaran/AO,K.64LKM00.007.1,Melakukan Pemasaran Produk LKM,Mengidentifikasi potensi pasar,kebutuhan keuangan masyarakat dianalisis.
Pemasaran/AO,K.64LKM00.007.1,Melakukan Pemasaran Produk LKM,Melakukan sosialisasi dan edukasi produk,keunggulan produk tabunganpembiayaan dipresentasikan
Pemasaran/AO,K.64LKM00.007.1,Melakukan Pemasaran Produk LKM,Melakukan sosialisasi dan edukasi produk,tata cara menjadi nasabah dijelaskan transparan.
Kolektor,K.64LKM00.009.1,Melakukan Penagihan Pinjaman atau Pembiayaan,Melakukan pemantauan tunggakan,daftar nominatif piutang bermasalah diidentifikasi
Kolektor,K.64LKM00.009.1,Melakukan Penagihan Pinjaman atau Pembiayaan,Melakukan pemantauan tunggakan,umur piutang aging schedule dianalisis.
Kolektor,K.64LKM00.009.1,Melakukan Penagihan Pinjaman atau Pembiayaan,Melaksanakan kunjungan penagihan,pendekatan persuasif dilakukan nasabah menunggak
Kolektor,K.64LKM00.009.1,Melakukan Penagihan Pinjaman atau Pembiayaan,Melaksanakan kunjungan penagihan,kesepakatan jadwal pembayaran didokumentasikan.
Manajer LKM,K.64LKM00.012.1,Menyusun Rencana Kerja dan Anggaran,Menyusun target operasional tahunan,target pertumbuhan aset laba ditentukan
Manajer LKM,K.64LKM00.012.1,Menyusun Rencana Kerja dan Anggaran,Menyusun target operasional tahunan,alokasi biaya operasional dihitung berdasarkan prioritas.
Manajer LKM,K.64LKM00.012.1,Menyusun Rencana Kerja dan Anggaran,Menetapkan indikator kinerja utama (KPI),standar keberhasilan pencapaian target dirumuskan
Manajer LKM,K.64LKM00.012.1,Menyusun Rencana Kerja dan Anggaran,Menetapkan indikator kinerja utama (KPI),rencana kerja dikomunikasikan seluruh staf.
Kepatuhan,K.64LKM00.015.1,Menerapkan Manajemen Risiko LKM,Mengidentifikasi risiko operasional,potensi kegagalan sistem manusia dipetakan
Kepatuhan,K.64LKM00.015.1,Menerapkan Manajemen Risiko LKM,Mengidentifikasi risiko operasional,kejadian kerugian loss events dicatat database.
Kepatuhan,K.64LKM00.015.1,Menerapkan Manajemen Risiko LKM,Menentukan langkah mitigasi risiko,prosedur operasional standar sop diperbarui
Kepatuhan,K.64LKM00.015.1,Menerapkan Manajemen Risiko LKM,Menentukan langkah mitigasi risiko,kontrol internal diterapkan meminimalkan risiko fraud.
Compliance Officer,K.64LKM00.017.1,Menerapkan Program APU dan PPT,Melakukan Customer Due Diligence (CDD),profil nasabah berisiko tinggi diidentifikasi
Compliance Officer,K.64LKM00.017.1,Menerapkan Program APU dan PPT,Melakukan Customer Due Diligence (CDD),sumber dana nasabah diverifikasi.
Compliance Officer,K.64LKM00.017.1,Menerapkan Program APU dan PPT,Melaporkan transaksi mencurigakan,transaksi keuangan menyimpang dipantau
Compliance Officer,K.64LKM00.017.1,Menerapkan Program APU dan PPT,Melaporkan transaksi mencurigakan,laporan dikirimkan otoritas ppatk sesuai prosedur.
Akuntansi,K.64LKM00.020.1,Menyusun Laporan Keuangan LKM,Melakukan pencatatan jurnal transaksi,transaksi harian diinput dalam sistem akuntansi
Akuntansi,K.64LKM00.020.1,Menyusun Laporan Keuangan LKM,Melakukan pencatatan jurnal transaksi,dokumen sumber voucher divalidasi keabsahannya.
Akuntansi,K.64LKM00.020.1,Menyusun Laporan Keuangan LKM,Menyusun neraca dan laporan laba rugi,saldo akun buku besar disesuaikan akhir periode
Akuntansi,K.64LKM00.020.1,Menyusun Laporan Keuangan LKM,Menyusun neraca dan laporan laba rugi,laporan keuangan disusun sesuai standar akuntansi keuangan sak berlaku.
Penyelia LKM,K.64LKM00.022.1,Melakukan Supervisi Operasional,Melakukan otorisasi transaksi,transaksi atas plafon tertentu diverifikasi disetujui
Penyelia LKM,K.64LKM00.022.1,Melakukan Supervisi Operasional,Melakukan otorisasi transaksi,koreksi kesalahan input data dipastikan kebenarannya.
Penyelia LKM,K.64LKM00.022.1,Melakukan Supervisi Operasional,Mengevaluasi kinerja staf,kedisiplinan produktivitas staf dipantau
Penyelia LKM,K.64LKM00.022.1,Melakukan Supervisi Operasional,Mengevaluasi kinerja staf,arahan pembinaan diberikan pencapaian target.
Audit Internal,K.64LKM00.021.1,Melakukan Audit Kepatuhan,Menentukan ruang lingkup audit dan Melaksanakan prosedur audit.,bidang unit akan diaudit ditentukan berdasarkan profil risiko
Audit Internal,K.64LKM00.021.1,Melakukan Audit Kepatuhan,Menentukan ruang lingkup audit dan Melaksanakan prosedur audit.,program kerja audit disusun sesuai standar internal
Audit Internal,K.64LKM00.021.1,Melakukan Audit Kepatuhan,Menentukan ruang lingkup audit dan Melaksanakan prosedur audit.,buktibukti transaksi diperiksa kecocokannya peraturan
Audit Internal,K.64LKM00.021.1,Melakukan Audit Kepatuhan,Menentukan ruang lingkup audit dan Melaksanakan prosedur audit.,temuan ketidakpatuhan didokumentasikan kertas kerja audit.
Audit Internal,K.64LKM00.021.1,Melakukan Audit Kepatuhan,Menyusun laporan hasil audit.,kesimpulan hasil audit dirumuskan objektif
Audit Internal,K.64LKM00.021.1,Melakukan Audit Kepatuhan,Menyusun laporan hasil audit.,saran perbaikan disampaikan manajemen ditindaklanjuti.
Manajemen LKM,K.64LKM00.022.1,Menyusun Kebijakan dan Prosedur Intern,Mengidentifikasi kebutuhan kebijakan dan Membuat draf kebijakan/SOP.,dasar hukum perkembangan bisnis terkini diidentifikasi referensi
Manajemen LKM,K.64LKM00.022.1,Menyusun Kebijakan dan Prosedur Intern,Mengidentifikasi kebutuhan kebijakan dan Membuat draf kebijakan/SOP.,struktur kebijakan disusun sesuai tata kelola baik
Manajemen LKM,K.64LKM00.022.1,Menyusun Kebijakan dan Prosedur Intern,Mengidentifikasi kebutuhan kebijakan dan Membuat draf kebijakan/SOP.,alur kerja flowchart dibuat sistematis
Manajemen LKM,K.64LKM00.022.1,Menyusun Kebijakan dan Prosedur Intern,Mengidentifikasi kebutuhan kebijakan dan Membuat draf kebijakan/SOP.,prosedur kerja ditulis bahasa mudah dipahami.
Sistem Informasi,K.64LKM00.023.1,Mengelola Teknologi Informasi LKM,Memantau keamanan data dan Mengelola infrastruktur TI.,hak akses pengguna user access diatur sesuai kewenangan
Sistem Informasi,K.64LKM00.023.1,Mengelola Teknologi Informasi LKM,Memantau keamanan data dan Mengelola infrastruktur TI.,pencadangan data backup dilakukan rutin
Sistem Informasi,K.64LKM00.023.1,Mengelola Teknologi Informasi LKM,Memantau keamanan data dan Mengelola infrastruktur TI.,ketersediaan jaringan perangkat pendukung dipastikan optimal
Sistem Informasi,K.64LKM00.023.1,Mengelola Teknologi Informasi LKM,Memantau keamanan data dan Mengelola infrastruktur TI.,masalah teknis sistem diselesaikan sesuai tingkat layanan.
Tata Kelola,K.64LKM00.024.1,Menerapkan Prinsip Tata Kelola yang Baik (GCG),Melaksanakan prinsip transparansi dan Menerapkan akuntabilitas.,laporan tahunan disediakan pemangku kepentingan
Tata Kelola,K.64LKM00.024.1,Menerapkan Prinsip Tata Kelola yang Baik (GCG),Melaksanakan prinsip transparansi dan Menerapkan akuntabilitas.,informasi mengenai produk risiko disampaikan terbuka
Tata Kelola,K.64LKM00.024.1,Menerapkan Prinsip Tata Kelola yang Baik (GCG),Melaksanakan prinsip transparansi dan Menerapkan akuntabilitas.,pembagian tugas segregation of duties diterapkan jelas
Tata Kelola,K.64LKM00.024.1,Menerapkan Prinsip Tata Kelola yang Baik (GCG),Melaksanakan prinsip transparansi dan Menerapkan akuntabilitas.,mekanisme pertanggungjawaban pengurus dilaksanakan berkala.
Kepatuhan,K.64LKM00.025.1,Melakukan Identifikasi Peraturan Terkini,Memantau regulasi baru dan Menganalisis dampak regulasi.,informasi peraturan terbaru otoritas ojkkemenaker dipantau aktif
Kepatuhan,K.64LKM00.025.1,Melakukan Identifikasi Peraturan Terkini,Memantau regulasi baru dan Menganalisis dampak regulasi.,ringkasan perubahan aturan disusun
Kepatuhan,K.64LKM00.025.1,Melakukan Identifikasi Peraturan Terkini,Memantau regulasi baru dan Menganalisis dampak regulasi.,kesenjangan prosedur lama aturan baru diidentifikasi
Kepatuhan,K.64LKM00.025.1,Melakukan Identifikasi Peraturan Terkini,Memantau regulasi baru dan Menganalisis dampak regulasi.,usulan penyesuaian kebijakan diajukan direksi.
SDM LKM,K.64LKM00.026.1,Mengelola Pengembangan Kompetensi Pegawai,Menganalisis kebutuhan pelatihan dan Mengevaluasi hasil pengembangan.,kesenjangan kompetensi pegawai diidentifikasi berdasarkan standar skkni
SDM LKM,K.64LKM00.026.1,Mengelola Pengembangan Kompetensi Pegawai,Menganalisis kebutuhan pelatihan dan Mengevaluasi hasil pengembangan.,rencana pelatihan disusun sesuai anggaran target
SDM LKM,K.64LKM00.026.1,Mengelola Pengembangan Kompetensi Pegawai,Menganalisis kebutuhan pelatihan dan Mengevaluasi hasil pengembangan.,efektivitas pelatihan dinilai perubahan kinerja
SDM LKM,K.64LKM00.026.1,Mengelola Pengembangan Kompetensi Pegawai,Menganalisis kebutuhan pelatihan dan Mengevaluasi hasil pengembangan.,sertifikasi kompetensi difasilitasi pegawai memenuhi syarat.
Konsultan Pemasaran,M.70KMP00.001.1,Melaksanakan Analisis Situasi Pasar,Mengidentifikasi kebutuhan pasar,tren pasar terkini diidentifikasi berbagai sumber informasi
Konsultan Pemasaran,M.70KMP00.001.1,Melaksanakan Analisis Situasi Pasar,Mengidentifikasi kebutuhan pasar,perilaku konsumen dianalisis sesuai segmentasi pasar
Konsultan Pemasaran,M.70KMP00.001.1,Melaksanakan Analisis Situasi Pasar,Mengidentifikasi kebutuhan pasar,peluang ancaman pasar dipetakan berdasarkan data riil.
Konsultan Pemasaran,M.70KMP00.001.1,Melaksanakan Analisis Situasi Pasar,Melakukan analisis kompetitor,kekuatan kelemahan pesaing utama diidentifikasi
Konsultan Pemasaran,M.70KMP00.001.1,Melaksanakan Analisis Situasi Pasar,Melakukan analisis kompetitor,strategi pemasaran kompetitor dievaluasi efektivitasnya
Konsultan Pemasaran,M.70KMP00.001.1,Melaksanakan Analisis Situasi Pasar,Melakukan analisis kompetitor,posisi relatif perusahaan kompetitor ditentukan.
Pakar Strategi,M.70KMP00.002.1,Merumuskan Strategi Pemasaran,"Menetapkan segmentasi, targeting, dan positioning (STP)",variabel segmentasi ditentukan mengelompokkan pasar
Pakar Strategi,M.70KMP00.002.1,Merumuskan Strategi Pemasaran,"Menetapkan segmentasi, targeting, dan positioning (STP)",target pasar dipilih berdasarkan potensi keuntungan
Pakar Strategi,M.70KMP00.002.1,Merumuskan Strategi Pemasaran,"Menetapkan segmentasi, targeting, dan positioning (STP)",strategi positioning dirumuskan membangun citra merek unik.
Pakar Strategi,M.70KMP00.002.1,Merumuskan Strategi Pemasaran,Mengembangkan bauran pemasaran (Marketing Mix),strategi produk dikembangkan sesuai kebutuhan target pasar
Pakar Strategi,M.70KMP00.002.1,Merumuskan Strategi Pemasaran,Mengembangkan bauran pemasaran (Marketing Mix),kebijakan harga ditetapkan mempertimbangkan nilai pelanggan
Pakar Strategi,M.70KMP00.002.1,Merumuskan Strategi Pemasaran,Mengembangkan bauran pemasaran (Marketing Mix),saluran distribusi taktik promosi direncanakan terintegrasi.
Brand Analyst,M.70KMP00.003.1,Mengelola Strategi Merek,Membangun ekuitas merek,identitas visual nilai inti merek dirumuskan
Brand Analyst,M.70KMP00.003.1,Mengelola Strategi Merek,Membangun ekuitas merek,kesadaran merek brand awareness ditingkatkan melalui program komunikasi
Brand Analyst,M.70KMP00.003.1,Mengelola Strategi Merek,Membangun ekuitas merek,asosiasi merek positif dibangun benak konsumen.
Brand Analyst,M.70KMP00.003.1,Mengelola Strategi Merek,Melakukan audit merek secara berkala,persepsi konsumen merek diukur melalui riset
Brand Analyst,M.70KMP00.003.1,Mengelola Strategi Merek,Melakukan audit merek secara berkala,konsistensi penggunaan identitas merek seluruh kanal diperiksa
Brand Analyst,M.70KMP00.003.1,Mengelola Strategi Merek,Melakukan audit merek secara berkala,rekomendasi revitalisasi merek disusun diperlukan.
Product Manager,M.70KMP00.004.1,Merencanakan Pengembangan Produk Baru,Melakukan penyaringan ide produk,ide produk dikumpulkan berbagai sumber kreativitas
Product Manager,M.70KMP00.004.1,Merencanakan Pengembangan Produk Baru,Melakukan penyaringan ide produk,konsep produk dievaluasi berdasarkan kelayakan teknis ekonomi
Product Manager,M.70KMP00.004.1,Merencanakan Pengembangan Produk Baru,Melakukan penyaringan ide produk,produk purwarupa prototype disiapkan pengujian.
Product Manager,M.70KMP00.004.1,Merencanakan Pengembangan Produk Baru,Melakukan uji pasar (Test Marketing),skenario pengujian pasar disusun kelompok terbatas
Product Manager,M.70KMP00.004.1,Merencanakan Pengembangan Produk Baru,Melakukan uji pasar (Test Marketing),respon konsumen fitur harga produk dianalisis
Product Manager,M.70KMP00.004.1,Merencanakan Pengembangan Produk Baru,Melakukan uji pasar (Test Marketing),rencana peluncuran produk disempurnakan berdasarkan hasil uji.
Marketing Communication,M.70KMP00.005.1,Mengelola Komunikasi Pemasaran Terpadu,Menyusun rencana media promosi,kanal media dipilih berdasarkan jangkauan target audiens
Marketing Communication,M.70KMP00.005.1,Mengelola Komunikasi Pemasaran Terpadu,Menyusun rencana media promosi,alokasi anggaran promosi ditentukan per periode waktu
Marketing Communication,M.70KMP00.005.1,Mengelola Komunikasi Pemasaran Terpadu,Menyusun rencana media promosi,jadwal penayangan iklan disusun sistematis.
Marketing Communication,M.70KMP00.005.1,Mengelola Komunikasi Pemasaran Terpadu,Mengevaluasi efektivitas kampanye,"capaian kpi jangkauan, interaksi, konversi diukur"
Marketing Communication,M.70KMP00.005.1,Mengelola Komunikasi Pemasaran Terpadu,Mengevaluasi efektivitas kampanye,dampak kampanye peningkatan penjualan dianalisis
Marketing Communication,M.70KMP00.005.1,Mengelola Komunikasi Pemasaran Terpadu,Mengevaluasi efektivitas kampanye,laporan evaluasi komunikasi pemasaran disusun manajemen.
Digital Strategist,M.70KMP00.008.1,Melaksanakan Pemasaran Digital,Mengelola aset platform digital,situs web media sosial dioptimasi pengalaman pengguna
Digital Strategist,M.70KMP00.008.1,Melaksanakan Pemasaran Digital,Mengelola aset platform digital,konten pemasaran digital diproduksi sesuai kalender konten
Digital Strategist,M.70KMP00.008.1,Melaksanakan Pemasaran Digital,Mengelola aset platform digital,strategi seo diterapkan meningkatkan visibilitas organik.
Digital Strategist,M.70KMP00.008.1,Melaksanakan Pemasaran Digital,Menganalisis metrik pemasaran digital,data trafik perilaku pengunjung platform dianalisis
Digital Strategist,M.70KMP00.008.1,Melaksanakan Pemasaran Digital,Menganalisis metrik pemasaran digital,tingkat konversi kanal digital dihitung
Digital Strategist,M.70KMP00.008.1,Melaksanakan Pemasaran Digital,Menganalisis metrik pemasaran digital,penyesuaian strategi dilakukan berdasarkan data analitik harian.
Customer Relation,M.70KMP00.010.1,Mengelola Hubungan Pelanggan (CRM),Membangun database pelanggan,profil riwayat transaksi pelanggan dikumpulkan sistematis
Customer Relation,M.70KMP00.010.1,Mengelola Hubungan Pelanggan (CRM),Membangun database pelanggan,pelanggan dikategorikan berdasarkan nilai clv
Customer Relation,M.70KMP00.010.1,Mengelola Hubungan Pelanggan (CRM),Membangun database pelanggan,sistem keamanan data pelanggan dipastikan terjaga.
Customer Relation,M.70KMP00.010.1,Mengelola Hubungan Pelanggan (CRM),Melaksanakan program loyalitas,skema poin reward dirancang meningkatkan retensi
Customer Relation,M.70KMP00.010.1,Mengelola Hubungan Pelanggan (CRM),Melaksanakan program loyalitas,komunikasi personal dikirimkan pelanggan setia
Customer Relation,M.70KMP00.010.1,Mengelola Hubungan Pelanggan (CRM),Melaksanakan program loyalitas,tingkat kepuasan pelanggan diukur melalui survei berkala.
Sales Manager,M.70KMP00.012.1,Mengelola Manajemen Penjualan,Menetapkan target penjualan tim,sasaran volume nilai penjualan ditentukan per wilayah
Sales Manager,M.70KMP00.012.1,Mengelola Manajemen Penjualan,Menetapkan target penjualan tim,kuota penjualan diberikan setiap anggota tim sales
Sales Manager,M.70KMP00.012.1,Mengelola Manajemen Penjualan,Menetapkan target penjualan tim,struktur insentif disusun memotivasi pencapaian target.
Sales Manager,M.70KMP00.012.1,Mengelola Manajemen Penjualan,Melakukan pembinaan (Coaching) tim sales,kinerja harian tim dipantau melalui laporan aktivitas
Sales Manager,M.70KMP00.012.1,Mengelola Manajemen Penjualan,Melakukan pembinaan (Coaching) tim sales,kendala proses negosiasi diidentifikasi diberikan solusi
Sales Manager,M.70KMP00.012.1,Mengelola Manajemen Penjualan,Melakukan pembinaan (Coaching) tim sales,pelatihan teknik penjualan dilakukan berkesinambungan.
Distribution Planner,M.70KMP00.015.1,Mengelola Saluran Distribusi,Memilih mitra distribusi,calon distributor dievaluasi berdasarkan cakupan wilayah reputasi
Distribution Planner,M.70KMP00.015.1,Mengelola Saluran Distribusi,Memilih mitra distribusi,perjanjian kerja sama distribusi dirumuskan legal
Distribution Planner,M.70KMP00.015.1,Mengelola Saluran Distribusi,Memilih mitra distribusi,standar pelayanan minimal mitra ditetapkan.
Distribution Planner,M.70KMP00.015.1,Mengelola Saluran Distribusi,Memantau kinerja rantai distribusi,ketersediaan stok tingkat pengecer dipastikan stabil
Distribution Planner,M.70KMP00.015.1,Mengelola Saluran Distribusi,Memantau kinerja rantai distribusi,efisiensi biaya pengiriman barang dievaluasi
Distribution Planner,M.70KMP00.015.1,Mengelola Saluran Distribusi,Memantau kinerja rantai distribusi,konflik antar saluran distribusi dikelola tidak merugikan merek.
Market Researcher,M.70KMP00.020.1,Melakukan Riset Pemasaran Primer,Merancang instrumen penelitian,kuesioner panduan wawancara disusun sesuai tujuan riset
Market Researcher,M.70KMP00.020.1,Melakukan Riset Pemasaran Primer,Merancang instrumen penelitian,metode pengambilan sampel sampling ditentukan
Market Researcher,M.70KMP00.020.1,Melakukan Riset Pemasaran Primer,Merancang instrumen penelitian,validitas instrumen diuji melalui studi pendahuluan.
Market Researcher,M.70KMP00.020.1,Melakukan Riset Pemasaran Primer,Mengolah dan menyajikan data riset,data lapangan dibersihkan dimasukkan sistem statistik
Market Researcher,M.70KMP00.020.1,Melakukan Riset Pemasaran Primer,Mengolah dan menyajikan data riset,temuan riset divisualisasikan bentuk grafik tabel
Market Researcher,M.70KMP00.020.1,Melakukan Riset Pemasaran Primer,Mengolah dan menyajikan data riset,rekomendasi strategis dirumuskan berdasarkan hasil temuan riset.
Pemasaran,M.70KMP00.021.1,Melaksanakan Komunikasi Pemasaran,Menyiapkan materi komunikasi pemasaran dan Melaksanakan kegiatan komunikasi.,pesan pemasaran disusun sesuai target audiens
Pemasaran,M.70KMP00.021.1,Melaksanakan Komunikasi Pemasaran,Menyiapkan materi komunikasi pemasaran dan Melaksanakan kegiatan komunikasi.,media komunikasi dipilih berdasarkan efektivitas jangkauan
Pemasaran,M.70KMP00.021.1,Melaksanakan Komunikasi Pemasaran,Menyiapkan materi komunikasi pemasaran dan Melaksanakan kegiatan komunikasi.,pesan disampaikan melalui saluran ditetapkan
Pemasaran,M.70KMP00.021.1,Melaksanakan Komunikasi Pemasaran,Menyiapkan materi komunikasi pemasaran dan Melaksanakan kegiatan komunikasi.,respon audiens dipantau didokumentasikan.
Layanan Pelanggan,M.70KMP00.022.1,Memberikan Layanan Pelanggan,Mengidentifikasi kebutuhan pelanggan dan Menyediakan solusi layanan.,keluhan pertanyaan pelanggan diterima empati
Layanan Pelanggan,M.70KMP00.022.1,Memberikan Layanan Pelanggan,Mengidentifikasi kebutuhan pelanggan dan Menyediakan solusi layanan.,masalah pelanggan dianalisis menentukan solusi tepat
Layanan Pelanggan,M.70KMP00.022.1,Memberikan Layanan Pelanggan,Mengidentifikasi kebutuhan pelanggan dan Menyediakan solusi layanan.,bantuan diberikan sesuai standar pelayanan organisasi
Layanan Pelanggan,M.70KMP00.022.1,Memberikan Layanan Pelanggan,Mengidentifikasi kebutuhan pelanggan dan Menyediakan solusi layanan.,kepuasan pelanggan pemberian solusi dipastikan.
Pemasaran Digital,M.70KMP00.023.1,Mengelola Konten Media Sosial,Merencanakan konten media sosial dan Mengunggah dan memantau konten.,ide konten kreatif dikembangkan sesuai citra merek
Pemasaran Digital,M.70KMP00.023.1,Mengelola Konten Media Sosial,Merencanakan konten media sosial dan Mengunggah dan memantau konten.,kalender editorial konten disusun konsistensi
Pemasaran Digital,M.70KMP00.023.1,Mengelola Konten Media Sosial,Merencanakan konten media sosial dan Mengunggah dan memantau konten.,konten diunggah jam tayang optimal
Pemasaran Digital,M.70KMP00.023.1,Mengelola Konten Media Sosial,Merencanakan konten media sosial dan Mengunggah dan memantau konten.,interaksi pengikut follower dikelola proaktif.
Operasional Sales,M.70KMP00.024.1,Melakukan Presentasi Penjualan,Mempersiapkan bahan presentasi dan Melakukan teknik persuasi penjualan.,proposal alat peraga disiapkan sesuai profil calon pembeli
Operasional Sales,M.70KMP00.024.1,Melakukan Presentasi Penjualan,Mempersiapkan bahan presentasi dan Melakukan teknik persuasi penjualan.,manfaat produk disusun menjawab keraguan pelanggan
Operasional Sales,M.70KMP00.024.1,Melakukan Presentasi Penjualan,Mempersiapkan bahan presentasi dan Melakukan teknik persuasi penjualan.,presentasi dibawakan komunikasi meyakinkan
Operasional Sales,M.70KMP00.024.1,Melakukan Presentasi Penjualan,Mempersiapkan bahan presentasi dan Melakukan teknik persuasi penjualan.,keberatan calon pembeli ditangani teknik negosiasi.
Analis Pasar,M.70KMP00.025.1,Melakukan Pemantauan Harga Pasar,Mengumpulkan data harga pesaing dan Menganalisis posisi harga.,daftar harga produk sejenis kompetitor dikumpulkan berkala
Analis Pasar,M.70KMP00.025.1,Melakukan Pemantauan Harga Pasar,Mengumpulkan data harga pesaing dan Menganalisis posisi harga.,skema diskon promosi pesaing diidentifikasi
Analis Pasar,M.70KMP00.025.1,Melakukan Pemantauan Harga Pasar,Mengumpulkan data harga pesaing dan Menganalisis posisi harga.,perbandingan harga dilakukan menentukan daya saing
Analis Pasar,M.70KMP00.025.1,Melakukan Pemantauan Harga Pasar,Mengumpulkan data harga pesaing dan Menganalisis posisi harga.,rekomendasi penyesuaian harga diajukan manajemen.
Promosi,M.70KMP00.026.1,Mengelola Program Promosi Penjualan,Merancang mekanisme promosi dan Mengevaluasi hasil promosi.,"bentuk promosi potongan harga, hadiah, ditentukan"
Promosi,M.70KMP00.026.1,Mengelola Program Promosi Penjualan,Merancang mekanisme promosi dan Mengevaluasi hasil promosi.,aturan main program promosi disusun jelas
Promosi,M.70KMP00.026.1,Mengelola Program Promosi Penjualan,Merancang mekanisme promosi dan Mengevaluasi hasil promosi.,peningkatan volume penjualan selama masa promosi dihitung
Promosi,M.70KMP00.026.1,Mengelola Program Promosi Penjualan,Merancang mekanisme promosi dan Mengevaluasi hasil promosi.,efektivitas biaya promosi dibandingkan pendapatan dianalisis.
Sales Admin,M.70KMP00.027.1,Mengelola Administrasi Penjualan,Memproses pesanan pelanggan dan Mendokumentasikan data penjualan.,pesanan masuk divalidasi ketersediaan stoknya
Sales Admin,M.70KMP00.027.1,Mengelola Administrasi Penjualan,Memproses pesanan pelanggan dan Mendokumentasikan data penjualan.,faktur dokumen pengiriman diterbitkan akurat
Sales Admin,M.70KMP00.027.1,Mengelola Administrasi Penjualan,Memproses pesanan pelanggan dan Mendokumentasikan data penjualan.,laporan harian penjualan disusun sistematis
Sales Admin,M.70KMP00.027.1,Mengelola Administrasi Penjualan,Memproses pesanan pelanggan dan Mendokumentasikan data penjualan.,arsip transaksi pelanggan dikelola sesuai prosedur keamanan data.
Account Manager,M.70KMP00.028.1,Mempertahankan Klien Strategis,Melakukan kunjungan rutin kepada klien dan Mengidentifikasi peluang pengembangan bisnis.,jadwal kunjungan courtesy call dilaksanakan berkala
Account Manager,M.70KMP00.028.1,Mempertahankan Klien Strategis,Melakukan kunjungan rutin kepada klien dan Mengidentifikasi peluang pengembangan bisnis.,keluhan klien strategis ditangani prioritas tinggi
Account Manager,M.70KMP00.028.1,Mempertahankan Klien Strategis,Melakukan kunjungan rutin kepada klien dan Mengidentifikasi peluang pengembangan bisnis.,kebutuhan tambahan klien diidentifikasi penawaran baru upselling
Account Manager,M.70KMP00.028.1,Mempertahankan Klien Strategis,Melakukan kunjungan rutin kepada klien dan Mengidentifikasi peluang pengembangan bisnis.,hubungan jangka panjang dijaga melalui program apresiasi.
Pemasaran Digital,M.70KMP00.029.1,Mengelola Iklan Berbayar Daring,Mengatur kampanye iklan dan Mengoptimasi kinerja iklan.,target audiens iklan ditentukan berdasarkan minat demografi
Pemasaran Digital,M.70KMP00.029.1,Mengelola Iklan Berbayar Daring,Mengatur kampanye iklan dan Mengoptimasi kinerja iklan.,anggaran iklan dialokasikan kanal digital terpilih
Pemasaran Digital,M.70KMP00.029.1,Mengelola Iklan Berbayar Daring,Mengatur kampanye iklan dan Mengoptimasi kinerja iklan.,"metrik performa ctr, cpc, roi dipantau harian"
Pemasaran Digital,M.70KMP00.029.1,Mengelola Iklan Berbayar Daring,Mengatur kampanye iklan dan Mengoptimasi kinerja iklan.,strategi penawaran bidding disesuaikan hasil maksimal.
Analis Pemasaran,M.70KMP00.030.1,Melakukan Analisis Segmentasi Pasar,Mengelompokkan basis pelanggan dan Menentukan segmen prioritas.,pelanggan dikategorikan berdasarkan aspek geografis psikografis
Analis Pemasaran,M.70KMP00.030.1,Melakukan Analisis Segmentasi Pasar,Mengelompokkan basis pelanggan dan Menentukan segmen prioritas.,profil segmen pasar diuraikan mendalam
Analis Pemasaran,M.70KMP00.030.1,Melakukan Analisis Segmentasi Pasar,Mengelompokkan basis pelanggan dan Menentukan segmen prioritas.,potensi pertumbuhan segmen dievaluasi
Analis Pemasaran,M.70KMP00.030.1,Melakukan Analisis Segmentasi Pasar,Mengelompokkan basis pelanggan dan Menentukan segmen prioritas.,segmen pasar paling menguntungkan dipilih fokus utama.
Operasional Pemasaran,M.70KMP00.031.1,Mengoordinasikan Aktivitas Aktivasi Merek,Menyiapkan logistik acara aktivasi dan Mengawasi pelaksanaan aktivasi.,lokasi perlengkapan acara disiapkan sesuai konsep
Operasional Pemasaran,M.70KMP00.031.1,Mengoordinasikan Aktivitas Aktivasi Merek,Menyiapkan logistik acara aktivasi dan Mengawasi pelaksanaan aktivasi.,personel pendukung spgpromotor diberikan arahan kerja
Operasional Pemasaran,M.70KMP00.031.1,Mengoordinasikan Aktivitas Aktivasi Merek,Menyiapkan logistik acara aktivasi dan Mengawasi pelaksanaan aktivasi.,alur interaksi konsumen merek dipantau lapangan
Operasional Pemasaran,M.70KMP00.031.1,Mengoordinasikan Aktivitas Aktivasi Merek,Menyiapkan logistik acara aktivasi dan Mengawasi pelaksanaan aktivasi.,data perolehan calon pelanggan leads dikumpulkan selama acara.
Manajer Pemasaran,M.70KMP00.032.1,Mencapai Target Penjualan,Memantau progres pencapaian target dan Mengambil tindakan perbaikan.,realisasi penjualan dibandingkan target periodik
Manajer Pemasaran,M.70KMP00.032.1,Mencapai Target Penjualan,Memantau progres pencapaian target dan Mengambil tindakan perbaikan.,faktor penghambat pencapaian target diidentifikasi
Manajer Pemasaran,M.70KMP00.032.1,Mencapai Target Penjualan,Memantau progres pencapaian target dan Mengambil tindakan perbaikan.,strategi taktis darurat diterapkan menutup kekurangan target
Manajer Pemasaran,M.70KMP00.032.1,Mencapai Target Penjualan,Memantau progres pencapaian target dan Mengambil tindakan perbaikan.,sumber daya tim dioptimalkan mencapai sasaran akhir periode.
Programmer,TIK.PR01.001.01,Membuat Algoritma Pemrograman Dasar,Mendefinisikan masalah,masalah akan diselesaikan diidentifikasi
Programmer,TIK.PR01.001.01,Membuat Algoritma Pemrograman Dasar,Mendefinisikan masalah,masalah diuraikan menjadi komponenkomponen kecil
Programmer,TIK.PR01.001.01,Membuat Algoritma Pemrograman Dasar,Mendefinisikan masalah,kebutuhan input output ditentukan.
Programmer,TIK.PR01.001.01,Membuat Algoritma Pemrograman Dasar,Membuat alur logika (flowchart),simbolsimbol alur data digunakan sesuai standar
Programmer,TIK.PR01.001.01,Membuat Algoritma Pemrograman Dasar,Membuat alur logika (flowchart),logika penyelesaian masalah disusun urut logis
Programmer,TIK.PR01.001.01,Membuat Algoritma Pemrograman Dasar,Membuat alur logika (flowchart),algoritma diuji coba kering dry run.
Programmer,TIK.PR02.001.01,Menggunakan Struktur Data,Menentukan struktur data,"jenis data integer, string, array, dipilih sesuai kebutuhan"
Programmer,TIK.PR02.001.01,Menggunakan Struktur Data,Menentukan struktur data,"struktur data majemuk stack, queue, tree ditentukan diperlukan."
Programmer,TIK.PR02.001.01,Menggunakan Struktur Data,Menerapkan operasi struktur data,"operasi dasar insert, delete, update dilakukan struktur data"
Programmer,TIK.PR02.001.01,Menggunakan Struktur Data,Menerapkan operasi struktur data,efisiensi penggunaan memori diperhitungkan.
Programmer,TIK.PR02.002.01,Membuat Program Dasar,Menyiapkan lingkungan pengembangan,perangkat lunak editor compiler disiapkan
Programmer,TIK.PR02.002.01,Membuat Program Dasar,Menyiapkan lingkungan pengembangan,library dibutuhkan diidentifikasi dikonfigurasi.
Programmer,TIK.PR02.002.01,Membuat Program Dasar,Menulis kode program,sintaks bahasa pemrograman diikuti benar
Programmer,TIK.PR02.002.01,Membuat Program Dasar,Menulis kode program,"struktur kontrol ifelse, looping diterapkan"
Programmer,TIK.PR02.002.01,Membuat Program Dasar,Menulis kode program,komentar ditambahkan bagian kode kompleks.
Programmer,TIK.PR02.003.01,Melaksanakan Pengujian Unit Program,Membuat rencana pengujian unit,komponen program akan diuji ditentukan
Programmer,TIK.PR02.003.01,Melaksanakan Pengujian Unit Program,Membuat rencana pengujian unit,data uji test data disiapkan kasus normal ekstrim.
Programmer,TIK.PR02.003.01,Melaksanakan Pengujian Unit Program,Mengeksekusi pengujian,kesalahan sintaks logika diperbaiki
Programmer,TIK.PR02.003.01,Melaksanakan Pengujian Unit Program,Mengeksekusi pengujian,hasil pengujian dibandingkan spesifikasi teknis
Programmer,TIK.PR02.003.01,Melaksanakan Pengujian Unit Program,Mengeksekusi pengujian,laporan hasil pengujian unit didokumentasikan.
System Analyst,TIK.PR02.005.01,Melakukan Identifikasi Library Komponen,Mengidentifikasi fungsi library,kebutuhan fungsional aplikasi dipetakan
System Analyst,TIK.PR02.005.01,Melakukan Identifikasi Library Komponen,Mengidentifikasi fungsi library,library tersedia open source komersial dievaluasi kesesuaiannya.
System Analyst,TIK.PR02.005.01,Melakukan Identifikasi Library Komponen,Mengintegrasikan library ke dalam sistem,api library dipelajari cara penggunaannya
System Analyst,TIK.PR02.005.01,Melakukan Identifikasi Library Komponen,Mengintegrasikan library ke dalam sistem,komponen library dipastikan konflik modul sudah ada.
Database Dev,TIK.PR02.008.01,Membuat Struktur Database,Merancang skema database,entitas atribut diidentifikasi
Database Dev,TIK.PR02.008.01,Membuat Struktur Database,Merancang skema database,"relasi antar tabel ditentukan onetomany, manytomany"
Database Dev,TIK.PR02.008.01,Membuat Struktur Database,Merancang skema database,normalisasi database dilakukan hingga bentuk tertentu.
Database Dev,TIK.PR02.008.01,Membuat Struktur Database,Mengimplementasikan database,perintah ddl data definition language dijalankan
Database Dev,TIK.PR02.008.01,Membuat Struktur Database,Mengimplementasikan database,indeks kunci utama primary key ditetapkan tabel.
Programmer,TIK.PR02.010.1,Menulis Program Lanjut,Menerapkan konsep OOP,class object diidentifikasi spesifikasi
Programmer,TIK.PR02.010.1,Menulis Program Lanjut,Menerapkan konsep OOP,"prinsip enkapsulasi, pewarisan inheritance, polimorfisme diimplementasikan."
Programmer,TIK.PR02.010.1,Menulis Program Lanjut,Mengelola penanganan kesalahan (Exception Handling),blok trycatch digunakan menangani error runtime
Programmer,TIK.PR02.010.1,Menulis Program Lanjut,Mengelola penanganan kesalahan (Exception Handling),pesan kesalahan dibuat informatif pengguna.
Web Developer,TIK.PR02.015.01,Membuat Halaman Statis Web,Merancang tata letak (layout),struktur navigasi web ditentukan
Web Developer,TIK.PR02.015.01,Membuat Halaman Statis Web,Merancang tata letak (layout),elemen html digunakan sesuai semantik.
Web Developer,TIK.PR02.015.01,Membuat Halaman Statis Web,Menerapkan desain visual dengan CSS,"properti gaya warna, font, spacing diterapkan"
Web Developer,TIK.PR02.015.01,Membuat Halaman Statis Web,Menerapkan desain visual dengan CSS,layout dibuat responsif berbagai ukuran layar.
Programmer,TIK.PR02.020.01,Melakukan Debugging,Mencari sumber kesalahan,alat bantu debugger dioperasikan
Programmer,TIK.PR02.020.01,Melakukan Debugging,Mencari sumber kesalahan,nilai variabel dipantau setiap langkah eksekusi stepover.
Programmer,TIK.PR02.020.01,Melakukan Debugging,Memperbaiki bug,kode penyebab error dimodifikasi
Programmer,TIK.PR02.020.01,Melakukan Debugging,Memperbaiki bug,program diuji untuk memastikan ada efek samping regression.
Documentator,TIK.PR02.022.01,Membuat Dokumentasi Kode Program,Menyusun manual teknis,penjelasan alur program dibuat sistematis
Documentator,TIK.PR02.022.01,Membuat Dokumentasi Kode Program,Menyusun manual teknis,diagram kelas diagram urutan disertakan dokumen.
Security Prog.,TIK.PR02.025.01,Menerapkan Keamanan Kode Program,Melakukan validasi input,filter diterapkan data dimasukkan pengguna
Security Prog.,TIK.PR02.025.01,Menerapkan Keamanan Kode Program,Melakukan validasi input,teknik pencegahan sql injection xss diimplementasikan kode.
System Analyst,TIK.PR02.021.01,Membuat Desain Sistem,Merancang arsitektur aplikasi,model data alur kerja sistem didefinisikan
System Analyst,TIK.PR02.021.01,Membuat Desain Sistem,Merancang arsitektur aplikasi,komponen utama sistem interaksinya dipetakan diagram.
Programmer,TIK.PR03.001.01,Mengelola Konfigurasi Perangkat Lunak,Menggunakan sistem kontrol versi (Git/SVN),repositori kode program dibuat dikonfigurasi
Programmer,TIK.PR03.001.01,Mengelola Konfigurasi Perangkat Lunak,Menggunakan sistem kontrol versi (Git/SVN),perubahan kode commit dicatat pesan jelas
Programmer,TIK.PR03.001.01,Mengelola Konfigurasi Perangkat Lunak,Menggunakan sistem kontrol versi (Git/SVN),konflik penggabungan kode merge diselesaikan.
UI/UX Designer,TIK.PR02.016.01,Membuat Antarmuka Pengguna (GUI),Merancang elemen visual antarmuka,"komponen input form, button diletakkan sesuai prinsip kegunaan"
UI/UX Designer,TIK.PR02.016.01,Membuat Antarmuka Pengguna (GUI),Merancang elemen visual antarmuka,konsistensi warna tipografi dijaga seluruh layar aplikasi.
Mobile Dev,TIK.PR02.011.01,Membuat Program Perangkat Bergerak,Mengonfigurasi SDK Mobile,lingkungan pengembangan androidios disiapkan
Mobile Dev,TIK.PR02.011.01,Membuat Program Perangkat Bergerak,Mengonfigurasi SDK Mobile,emulator perangkat fisik dihubungkan pengujian.
Mobile Dev,TIK.PR02.011.01,Membuat Program Perangkat Bergerak,Mengimplementasikan fitur mobile,sensor perangkat gpskamera diintegrasikan aplikasi
Mobile Dev,TIK.PR02.011.01,Membuat Program Perangkat Bergerak,Mengimplementasikan fitur mobile,konsumsi daya memori dioptimasi perangkat mobile.
Programmer,TIK.PR02.023.01,Melakukan Instalasi Program,Menyiapkan paket instalasi (Deployment),file eksekusi dependensi dikemas installer
Programmer,TIK.PR02.023.01,Melakukan Instalasi Program,Menyiapkan paket instalasi (Deployment),prosedur instalasi konfigurasi sistem didokumentasikan.
Programmer,TIK.PR02.024.01,Memberikan Dukungan Teknis,Menangani keluhan operasional,laporan bug pengguna diidentifikasi tingkat kritisnya
Programmer,TIK.PR02.024.01,Memberikan Dukungan Teknis,Menangani keluhan operasional,bantuan teknis diberikan melalui panduan remote akses.
DB Admin,TIK.PR02.009.01,Mengoptimalkan Query Database,Melakukan tuning query SQL,perintah sql lambat diidentifikasi melalui profiling
DB Admin,TIK.PR02.009.01,Mengoptimalkan Query Database,Melakukan tuning query SQL,penggunaan join subquery dioptimalkan kecepatan akses data.
Security Prog.,TIK.PR02.026.01,Menerapkan Enkripsi Data,Mengimplementasikan algoritma kriptografi,data sensitif passwordpin diacak menggunakan fungsi hash
Security Prog.,TIK.PR02.026.01,Menerapkan Enkripsi Data,Mengimplementasikan algoritma kriptografi,pengiriman data antar sistem diamankan protokol enkripsi.
Integrator,TIK.PR02.018.01,Membuat Konektivitas Antar Sistem,Mengonsumsi Web Service / API,format data jsonxml diparsing dalam objek program
Integrator,TIK.PR02.018.01,Membuat Konektivitas Antar Sistem,Mengonsumsi Web Service / API,otentikasi api api keytoken diterapkan permintaan data.
Web Developer,TIK.PR02.019.01,Membuat Skrip Sisi Server (Backend),Mengelola sesi dan cookie,autentikasi pengguna dikelola menggunakan session server
Web Developer,TIK.PR02.019.01,Membuat Skrip Sisi Server (Backend),Mengelola sesi dan cookie,data preferensi pengguna disimpan cookie aman.
Software Architect,TIK.PR04.001.01,Mengevaluasi Teknologi Pemrograman,Melakukan studi banding teknologi,kelebihan kekurangan framework baru dianalisis
Software Architect,TIK.PR04.001.01,Mengevaluasi Teknologi Pemrograman,Melakukan studi banding teknologi,rekomendasi penggunaan teknologi diberikan berdasarkan kebutuhan proyek.
Tester,TIK.PR02.004.01,Melaksanakan Pengujian Integrasi,Menguji interaksi antar modul,aliran data antar komponen dipastikan terputus
Tester,TIK.PR02.004.01,Melaksanakan Pengujian Integrasi,Menguji interaksi antar modul,skenario pengujian endtoend dijalankan lingkungan staging.
Programmer,TIK.PR01.002.01,Menerapkan Etika Profesi Programmer,Menghargai Hak Kekayaan Intelektual (HKI),lisensi perangkat lunak pihak ketiga dipatuhi
Programmer,TIK.PR01.002.01,Menerapkan Etika Profesi Programmer,Menghargai Hak Kekayaan Intelektual (HKI),kode sumber milik organisasi dijaga kerahasiaannya.
DevOps,TIK.PR03.002.01,Mengelola Lingkungan Pengujian,Menyiapkan server simulasi,konfigurasi server staging dibuat menyerupai server produksi
DevOps,TIK.PR03.002.01,Mengelola Lingkungan Pengujian,Menyiapkan server simulasi,automasi deployment cicd diterapkan efisiensi pengujian.
Analyst,TIK.PR02.006.01,Mendefinisikan Spesifikasi Program,Menerjemahkan kebutuhan bisnis ke teknis,use case diagram aktivitas diagram dibuat
Analyst,TIK.PR02.006.01,Mendefinisikan Spesifikasi Program,Menerjemahkan kebutuhan bisnis ke teknis,batasan sistem performa didefinisikan kuantitatif.
Data Analyst,TIK.PR02.007.01,Membuat Laporan Data,Merancang format laporan (Reporting),query penarikan data laporan disusun
Data Analyst,TIK.PR02.007.01,Membuat Laporan Data,Merancang format laporan (Reporting),visualisasi data tabelgrafik ditampilkan sesuai kebutuhan manajerial.
Programmer,TIK.PR02.012.01,Menggunakan Framework Pemrograman,Menginstalasi framework,struktur folder framework dipelajari
Programmer,TIK.PR02.012.01,Menggunakan Framework Pemrograman,Menginstalasi framework,konfigurasi dasar databaserouting diatur sesuai standar framework.
Programmer,TIK.PR02.013.01,Melakukan Refactoring Kode,Memperbaiki struktur kode,kode redundan dihapus digabung
Programmer,TIK.PR02.013.01,Melakukan Refactoring Kode,Memperbaiki struktur kode,keterbacaan kode ditingkatkan mengubah fungsi utama.
Integrator,TIK.PR02.014.01,Mengintegrasikan Sistem Database,Melakukan sinkronisasi data,transfer data antar database berbeda platform dilakukan
Integrator,TIK.PR02.014.01,Mengintegrasikan Sistem Database,Melakukan sinkronisasi data,konsistensi data dijaga selama proses migrasi integrasi.
Analyst,TIK.PR02.017.01,Membuat Prototype Aplikasi,Membuat wireframe fungsional,sketsa antarmuka fungsi backend dibuat demo
Analyst,TIK.PR02.017.01,Membuat Prototype Aplikasi,Membuat wireframe fungsional,feedback calon pengguna dikumpulkan perbaikan desain.
Programmer,TIK.PR05.001.01,Melakukan Pemeliharaan Sistem,Melakukan patching berkala,update keamanan diterapkan sistem berjalan
Programmer,TIK.PR05.001.01,Melakukan Pemeliharaan Sistem,Melakukan patching berkala,log sistem diperiksa rutin mendeteksi potensi kegagalan.
Pengembangan Bisnis,E.360034.001.01,Mengevaluasi Aspirasi Pemangku Kepentingan,Menyiapkan data harapan dan kebutuhan pemangku kepentingan ,"pemangku kepentingan diidentifikasi memahami nilainilai, harapan, karakteristik, kebutuhan penyelenggara spam"
Pengembangan Bisnis,E.360034.001.01,Mengevaluasi Aspirasi Pemangku Kepentingan,Menyiapkan data harapan dan kebutuhan pemangku kepentingan ,nilainilai kebutuhan tersebut dijaring metode pendekatan sesuai.
Pengembangan Bisnis,E.360034.001.01,Mengevaluasi Aspirasi Pemangku Kepentingan,Menganalisis aspirasi pemangku kepentingan ,data hasil penjaringan diklasifikasi dianalisis sesuai kebutuhan rencana bisnis.
Pengembangan Bisnis,E.360034.001.01,Mengevaluasi Aspirasi Pemangku Kepentingan,Membuat laporan evaluasi ,"laporan evaluasi dicatat formulir, disusun, diarsipkan sesuai pos."
Pengembangan Bisnis,E.360034.010.01,Menetapkan Sasaran Rencana Bisnis,Mengidentifikasi sasaran rencana bisnis ,"sasaran rencana bisnis diidentifikasi diklasifikasikan sesuai visi, misi, tujuan organisasi."
Keuangan,E.360034.014.01,Melakukan Analisis Rasio Keuangan,Menyiapkan data analisis rasio keuangan ,data proyeksi keuangan laporan keuangan disiapkan diidentifikasi sesuai kebutuhan pos.
Keuangan,E.360034.014.01,Melakukan Analisis Rasio Keuangan,Menghitung analisis rasio keuangan ,data hasil identifikasi dihitung dianalisis sesuai peraturan berlaku.
Keuangan,E.360034.014.01,Melakukan Analisis Rasio Keuangan,Membuat laporan analisis rasio keuangan ,"laporan dicatat formulir, disusun, direkomendasikan pihak berwenang, diarsipkan sesuai pos."
Keuangan,E.360035.005.01,Menghitung Beban Operasional dan Non Operasional,Menyiapkan data beban ,data beban operasional nonoperasional disiapkan divalidasi sesuai kebutuhan pelaporan keuangan.
Keuangan,E.360032.028.01,Melakukan Evaluasi Beban Usaha,Menyiapkan data beban usaha ,data beban usaha disiapkan diidentifikasi sesuai kebutuhan evaluasi.
Keuangan,E.360032.028.01,Melakukan Evaluasi Beban Usaha,Menganalisis data beban usaha ,hasil identifikasi beban usaha dianalisis dievaluasi sesuai prosedur operasional standar pos.
Keuangan,E.360032.028.01,Melakukan Evaluasi Beban Usaha,Membuat laporan evaluasi ,"hasil analisis dicatat formulir laporan, disusun, ditindaklanjuti sesuai pos."
Keuangan,E.360035.003.01 ,Mengelola Kewajiban Jangka Pendek dan Panjang,Menyiapkan data kewajiban ,"data kewajiban jangka pendekpanjang, bukti transaksi harian, buku besar disiapkan pencatatan transaksi."
Keuangan,E.360035.005.01,Menghitung Beban Operasional dan Non Operasional,Melakukan penghitungan beban ,beban operasional nonoperasional dihitung akurat berdasarkan standar akuntansi berlaku.
Keuangan,E.360034.013.01,Menyusun Proyeksi Keuangan,Menghitung proyeksi ,proyeksi keuangan dihitung berdasarkan hasil analisis data historis rencana strategis bisnis.
Keuangan,E.360035.004.01 ,Menyusun Laporan Keuangan,Menyiapkan draf laporan ,laporan keuangan disusun sesuai standar akuntansi keuangan entitas akuntabilitas publik sak etap.
Keuangan,E.360034.014.01,Melakukan Analisis Rasio Keuangan,Rekomendasi hasil analisis ,hasil analisis rasio keuangan direkomendasikan pihak berwenang pengambilan keputusan strategis.
Keuangan,E.360034.014.01,Melakukan Analisis Rasio Keuangan,Merekomendasikan hasil analisis,hasil analisis rasio keuangan direkomendasikan pihak berwenang sesuai kebijakan perusahaan diarsipkan sesuai pos.
Keuangan,E.360035.006.01,Menghitung Biaya Produksi,Menyiapkan data biaya,"data biaya bahan kimia, energi, tenaga kerja produksi disiapkan divalidasi sesuai kebutuhan laporan."
Keuangan,E.360035.006.01,Menghitung Biaya Produksi,Melakukan kalkulasi biaya,biaya produksi per meter kubik air dihitung berdasarkan total volume air diproduksi total beban operasional.
Keuangan,E.360035.007.01,Menghitung Biaya Distribusi,Mengidentifikasi komponen biaya,"biaya pemeliharaan jaringan, energi pompa distribusi, kehilangan air nrw diidentifikasi sesuai data lapangan."
Keuangan,E.360035.008.01,Menghitung Penyusutan Aset,Menentukan masa manfaat aset,masa manfaat aset tetap spam ditentukan berdasarkan kategori aset kebijakan akuntansi berlaku.
Keuangan,E.360035.009.01,Menghitung Profitabilitas,Menganalisis margin laba,laba kotor laba bersih dianalisis pendapatan usaha menilai efisiensi kinerja keuangan.
Keuangan,E.360035.010.01,Menghitung Likuiditas,Menganalisis rasio lancar,data likuiditas berdasarkan neraca diidentifikasi dihitung sesuai standar perhitungan menilai kemampuan bayar jangka pendek.
Keuangan,E.360035.010.01,Menghitung Likuiditas,Membuat laporan likuiditas,"hasil analisis likuiditas dicatat, disusun menjadi laporan, dilaporkan pimpinan sesuai pos."
Keuangan,E.360035.011.01,Menghitung Solvabilitas,Menilai struktur modal,rasio hutang ekuitas dihitung menilai keamanan keuangan jangka panjang penyelenggara spam.
Keuangan,E.360032.028.01,Melakukan Evaluasi Beban Usaha,Menyiapkan data beban,data beban usaha disiapkan diidentifikasi sesuai kebutuhan evaluasi total beban usaha laporan laba rugi.
Keuangan,E.360032.028.01,Melakukan Evaluasi Beban Usaha,Menganalisis dan evaluasi,hasil identifikasi beban usaha dianalisis dievaluasi kelayakannya sesuai prosedur operasional standar pos.
Keuangan,E.360032.028.01,Melakukan Evaluasi Beban Usaha,Melaporkan hasil evaluasi,"hasil analisis dicatat formulir, disusun menjadi laporan, ditindaklanjuti sesuai instruksi manajemen."
RPAM,E.360036.001.01,Menentukan Tim RPAM,Mengidentifikasi anggota tim,"personel berbagai departemen produksi, distribusi, kualitas diidentifikasi membentuk tim lintas fungsi rpam."
RPAM,E.360036.002.01,Membuat Rantai Pasok SPAM,Mendeskripsikan sistem SPAM,"seluruh komponen mulai sumber air baku, pengolahan, hingga transmisi digambarkan diagram alir rantai pasok."
RPAM,E.360036.003.01,Menginvestigasi Risiko,Mengidentifikasi kejadian bahaya,potensi gangguan setiap titik rantai pasok diidentifikasi berdasarkan data kejadian historis kondisi lapangan.
RPAM,E.360036.003.01,Menginvestigasi Risiko,Menganalisis tingkat risiko,skor risiko dihitung berdasarkan perkiraan frekuensi kejadian tingkat keparahan dampaknya kualitas air.
RPAM,E.360036.004.01,Membuat Daftar Tindakan Pengendalian,Menentukan kontrol risiko,alternatif tindakan mencegah mengurangi risiko bahaya sistem spam ditentukan sesuai prioritas.
RPAM,E.360036.004.01,Membuat Daftar Tindakan Pengendalian,Memvalidasi tindakan,tindakan pengendalian dipilih divalidasi efektivitasnya memastikan risiko ditekan level aman.
RPAM,E.360036.005.01,Melakukan Reanalisis Risiko,Menilai risiko sisa (residual),risiko dihitung setelah mempertimbangkan adanya tindakan pengendalian sudah berjalan.
RPAM,E.360036.006.01,Menentukan Cara Pengawasan,Merancang prosedur monitoring,"metode, frekuensi, tanggung jawab pengawasan tindakan pengendalian ditetapkan dokumen panduan."
RPAM,E.360036.007.01,Pengawasan Progres Pemenuhan,Memantau pelaksanaan rencana,kemajuan pelaksanaan perbaikan sistem pemenuhan standar kualitas dipantau berkala.
RPAM,E.360036.008.01,Membuat Rencana Perbaikan,Menyusun jadwal upgrade,rencana teknis anggaran perbaikan infrastruktur kritis disusun berdasarkan hasil asesmen risiko.
RPAM,E.360036.009.01,Melakukan Verifikasi RPAM,Menguji kepatuhan sistem,verifikasi dilakukan melalui audit internal pengujian kualitas air memastikan rpam berjalan efektif.
RPAM,E.360036.010.01,Melakukan Tinjauan Manajemen,Mengevaluasi performa RPAM,hasil implementasi rpam dipresentasikan pimpinan puncak mendapatkan arahan perbaikan berkelanjutan.
Operasional,E.360036.011.01,Mengelola Dokumentasi RPAM,Mengarsipkan data teknis,"semua dokumen rencana, hasil monitoring, laporan verifikasi dikelola disimpan sesuai standar manajemen dokumen."
Operasional,E.360034.018.01,Melakukan Pengendalian Rencana Bisnis,Memantau IKK,data kemajuan indikator kinerja kunci ikk disiapkan dipantau realisasinya sesuai target rencana bisnis.
Operasional,E.360034.018.01,Melakukan Pengendalian Rencana Bisnis,Menilai penerapan program,unit kerja dipastikan menjalankan program sesuai rencana bisnis telah ditetapkan.
Manajemen,E.360034.008.01,Mengkaji Kondisi Eksternal,Mengumpulkan data eksternal,"data regulasi, kondisi sosial ekonomi masyarakat, lingkungan penyelenggara spam disiapkan."
Manajemen,E.360034.008.01,Mengkaji Kondisi Eksternal,Menganalisis dampak eksternal,hasil identifikasi kondisi eksternal dianalisis melihat peluang ancaman keberlangsungan spam.
Keuangan,E.360035.012.01,Menghitung Arus Kas (Cash Flow),Mengidentifikasi arus kas masuk,pendapatan rekening air nonair diidentifikasi berdasarkan catatan penerimaan harian.
Keuangan,E.360035.012.01,Menghitung Arus Kas (Cash Flow),Menganalisis saldo kas,aliran kas masuk keluar dianalisis memastikan ketersediaan dana operasional periode.
Keuangan,E.360035.013.01,Mengevaluasi Piutang Air,Menyiapkan data tunggakan,daftar piutang pelanggan umur piutang disiapkan proses rekonsiliasi.
Keuangan,E.360035.013.01,Mengevaluasi Piutang Air,Menganalisis efektivitas penagihan,rasio penagihan dihitung mengevaluasi kinerja bagian rekening penagihan.
Pengembangan,E.360034.012.01,Merumuskan Program Rencana Bisnis,Menyiapkan data program,data hasil sasaran strategis estimasi kebutuhan sumber daya disiapkan sesuai kebutuhan pengembangan.
Pengembangan,E.360034.012.01,Merumuskan Program Rencana Bisnis,Menyusun draf program,"program kerja tahunan jangka menengah dirumuskan detail mencakup waktu, biaya, penanggung jawab."
Programmer,J.620100.001.1,Menulis Kode Program Secara Dasar,Menyiapkan peralatan dan bahan untuk penulisan kode program,perangkat lunak editor kode disiapkan sesuai kebutuhan bahasa pemrograman
Programmer,J.620100.001.1,Menulis Kode Program Secara Dasar,Menyiapkan peralatan dan bahan untuk penulisan kode program,dokumentasi spesifikasi teknis dipahami acuan penulisan kode.
Programmer,J.620100.001.1,Menulis Kode Program Secara Dasar,Melakukan penulisan kode program,sintaks bahasa pemrograman diikuti benar
Programmer,J.620100.001.1,Menulis Kode Program Secara Dasar,Melakukan penulisan kode program,algoritma dasar diimplementasikan kode
Programmer,J.620100.001.1,Menulis Kode Program Secara Dasar,Melakukan penulisan kode program,variabel konstanta didefinisikan sesuai standar.
Programmer,J.620100.001.1,Menulis Kode Program Secara Dasar,Melakukan pengujian kode program,kode program dikompilasi dijalankan mengecek kesalahan
Programmer,J.620100.001.1,Menulis Kode Program Secara Dasar,Melakukan pengujian kode program,logika program dipastikan berjalan sesuai hasil diharapkan.
Software Architect,J.620100.002.1,Mendesain Struktur Data,Menentukan struktur data yang akan digunakan,kebutuhan data diidentifikasi berdasarkan analisis fungsional
Software Architect,J.620100.002.1,Mendesain Struktur Data,Menentukan struktur data yang akan digunakan,"jenis struktur data array, list, tree dipilih optimasi performa."
Software Architect,J.620100.002.1,Mendesain Struktur Data,Menerapkan struktur data dalam program,struktur data diimplementasikan desain modul
Software Architect,J.620100.002.1,Mendesain Struktur Data,Menerapkan struktur data dalam program,akses manipulasi data dikelola sesuai aturan integritas data.
Programmer,J.620100.004.1,Menggunakan Library atau Komponen Pre-existing,Mengidentifikasi library atau komponen yang dibutuhkan,fungsi library dianalisis kesesuaiannya fitur sistem
Programmer,J.620100.004.1,Menggunakan Library atau Komponen Pre-existing,Mengidentifikasi library atau komponen yang dibutuhkan,dokumentasi library dipelajari memahami cara integrasi.
Programmer,J.620100.004.1,Menggunakan Library atau Komponen Pre-existing,Mengintegrasikan library atau komponen ke dalam perangkat lunak,library diinstalasi dikonfigurasi proyek
Programmer,J.620100.004.1,Menggunakan Library atau Komponen Pre-existing,Mengintegrasikan library atau komponen ke dalam perangkat lunak,fungsifungsi library dipanggil diuji integrasinya modul internal.
Web Developer,J.620100.005.1,Membuat Halaman Web Statis,Merancang tata letak halaman web,struktur navigasi layout halaman dirancang sesuai desain user interface
Web Developer,J.620100.005.1,Membuat Halaman Web Statis,Merancang tata letak halaman web,elemenelemen html disusun semantik.
Web Developer,J.620100.005.1,Membuat Halaman Web Statis,Menerapkan gaya (styling) pada halaman web,properti tampilan diatur menggunakan css
Web Developer,J.620100.005.1,Membuat Halaman Web Statis,Menerapkan gaya (styling) pada halaman web,tampilan dipastikan responsif berbagai resolusi layar.
Web Developer,J.620100.006.1,Membuat Halaman Web Dinamis,Mengelola input dari pengguna,form input divalidasi sisi klien server
Web Developer,J.620100.006.1,Membuat Halaman Web Dinamis,Mengelola input dari pengguna,data pengguna diproses menghasilkan respon dinamis.
Web Developer,J.620100.006.1,Membuat Halaman Web Dinamis,Mengintegrasikan halaman web dengan basis data,koneksi basis data dikonfigurasi aman
Web Developer,J.620100.006.1,Membuat Halaman Web Dinamis,Mengintegrasikan halaman web dengan basis data,"operasi crud create, read, update, delete diimplementasikan halaman web."
Database Dev,J.620100.007.1,Membuat Rancangan Basis Data,Melakukan pemodelan data,entity relationship diagram erd digambarkan lengkap
Database Dev,J.620100.007.1,Membuat Rancangan Basis Data,Melakukan pemodelan data,normalisasi basis data dilakukan menghindari redundansi data.
Database Dev,J.620100.007.1,Membuat Rancangan Basis Data,Menentukan skema basis data,"tabel, kolom, tipe data ditetapkan"
Database Dev,J.620100.007.1,Membuat Rancangan Basis Data,Menentukan skema basis data,hubungan kunci utama primary key kunci tamu foreign key ditentukan.
Network Eng.,J.620100.009.1,Mengonfigurasi Perangkat Jaringan,Menyiapkan perangkat jaringan,spesifikasi teknis perangkat jaringan diidentifikasi
Network Eng.,J.620100.009.1,Mengonfigurasi Perangkat Jaringan,Menyiapkan perangkat jaringan,perangkat keras media transmisi disiapkan instalasi.
Network Eng.,J.620100.009.1,Mengonfigurasi Perangkat Jaringan,Melakukan pengaturan parameter jaringan,alamat ip subnet mask dikonfigurasi
Network Eng.,J.620100.009.1,Mengonfigurasi Perangkat Jaringan,Melakukan pengaturan parameter jaringan,protokol routing akses kontrol ditetapkan sesuai arsitektur jaringan.
Sys Admin,J.620100.012.1,Mengelola Sistem Operasi,Melakukan instalasi sistem operasi,media instalasi disiapkan dijalankan
Sys Admin,J.620100.012.1,Mengelola Sistem Operasi,Melakukan instalasi sistem operasi,partisi harddisk pengaturan sistem dasar dikonfigurasi sesuai prosedur.
Sys Admin,J.620100.012.1,Mengelola Sistem Operasi,Melakukan pemeliharaan sistem operasi,pembaruan sistem patching dilakukan rutin
Sys Admin,J.620100.012.1,Mengelola Sistem Operasi,Melakukan pemeliharaan sistem operasi,log sistem dipantau mendeteksi potensi masalah performa keamanan.
IT Support,J.620100.015.1,Memberikan Layanan Bantuan Teknis,Mengidentifikasi permasalahan teknis,laporan keluhan pengguna diterima diklasifikasi
IT Support,J.620100.015.1,Memberikan Layanan Bantuan Teknis,Mengidentifikasi permasalahan teknis,analisis penyebab masalah dilakukan menggunakan alat bantu diagnosa.
IT Support,J.620100.015.1,Memberikan Layanan Bantuan Teknis,Memberikan solusi bantuan teknis,langkahlangkah perbaikan dijalankan sesuai pos
IT Support,J.620100.015.1,Memberikan Layanan Bantuan Teknis,Memberikan solusi bantuan teknis,pengguna diberikan panduan masalah serupa terulang kembali.
Programmer,J.620100.017.1,Melakukan Debugging,Mengidentifikasi kesalahan (bug),program dijalankan lingkungan pengujian memicu error
Programmer,J.620100.017.1,Melakukan Debugging,Mengidentifikasi kesalahan (bug),titik kesalahan ditemukan melalui teknik penelusuran kode alat debugger.
System Analyst,J.620100.018.1,Melakukan Identifikasi Spesifikasi Perangkat Lunak,Mengidentifikasi kebutuhan fungsional,kebutuhan pengguna dikumpulkan melalui teknik wawancara observasi
System Analyst,J.620100.018.1,Melakukan Identifikasi Spesifikasi Perangkat Lunak,Mengidentifikasi kebutuhan fungsional,spesifikasi fitur alur kerja aplikasi didefinisikan mendalam.
System Analyst,J.620100.018.1,Melakukan Identifikasi Spesifikasi Perangkat Lunak,Menentukan kebutuhan non-fungsional,"parameter performa, keamanan, ketersediaan sistem ditetapkan"
System Analyst,J.620100.018.1,Melakukan Identifikasi Spesifikasi Perangkat Lunak,Menentukan kebutuhan non-fungsional,batasan infrastruktur teknologi digunakan diidentifikasi.
Programmer,J.620100.019.1,Mengelola Repositori Kode Program,Menyiapkan lingkungan kontrol versi,repositori pusat dikonfigurasi platform disepakati
Programmer,J.620100.019.1,Mengelola Repositori Kode Program,Menyiapkan lingkungan kontrol versi,struktur folder kebijakan akses repositori ditetapkan tim.
Programmer,J.620100.019.1,Mengelola Repositori Kode Program,Melakukan manajemen perubahan kode,kode program dikirimkan commit repositori pesan deskriptif
Programmer,J.620100.019.1,Mengelola Repositori Kode Program,Melakukan manajemen perubahan kode,konflik perubahan antar anggota tim diselesaikan melalui proses penggabungan merge.
Quality Assurance,J.620100.021.1,Melakukan Pengujian Integrasi Perangkat Lunak,Merancang skenario pengujian integrasi,antarmuka antar modul diidentifikasi aliran datanya
Quality Assurance,J.620100.021.1,Melakukan Pengujian Integrasi Perangkat Lunak,Merancang skenario pengujian integrasi,skenario uji disusun memastikan modul bekerja bersama harmonis.
Quality Assurance,J.620100.021.1,Melakukan Pengujian Integrasi Perangkat Lunak,Melaksanakan uji integrasi,pengujian dijalankan sesuai skenario telah disusun
Quality Assurance,J.620100.021.1,Melakukan Pengujian Integrasi Perangkat Lunak,Melaksanakan uji integrasi,hasil pengujian dibandingkan desain arsitektur kegagalan dicatat log.
Project Manager,J.620100.025.1,Melakukan Estimasi Upaya Pengembangan Perangkat Lunak,Menghitung skala proyek,ukuran perangkat lunak diestimasi menggunakan metode standar function point
Project Manager,J.620100.025.1,Melakukan Estimasi Upaya Pengembangan Perangkat Lunak,Menghitung skala proyek,tingkat kompleksitas fitur dinilai berdasarkan spesifikasi teknis.
Project Manager,J.620100.025.1,Melakukan Estimasi Upaya Pengembangan Perangkat Lunak,Menentukan alokasi waktu dan SDM,jumlah jam kerja dibutuhkan dihitung berdasarkan estimasi skala
Project Manager,J.620100.025.1,Melakukan Estimasi Upaya Pengembangan Perangkat Lunak,Menentukan alokasi waktu dan SDM,jadwal pengerjaan pembagian peran tim ditetapkan sesuai target.
Technical Writer,J.620100.026.1,Membuat Dokumentasi Teknis Perangkat Lunak,Menyusun manual pengembang,struktur internal kode arsitektur sistem didokumentasikan
Technical Writer,J.620100.026.1,Membuat Dokumentasi Teknis Perangkat Lunak,Menyusun manual pengembang,instruksi instalasi konfigurasi lingkungan pengembangan diuraikan detail.
Technical Writer,J.620100.026.1,Membuat Dokumentasi Teknis Perangkat Lunak,Menyusun manual operasional,prosedur penggunaan fiturfitur aplikasi pengguna akhir ditulis bahasa mudah dipahami
Technical Writer,J.620100.026.1,Membuat Dokumentasi Teknis Perangkat Lunak,Menyusun manual operasional,daftar istilah teknis solusi masalah umum troubleshooting disertakan.
DevOps Engineer,J.620100.027.1,Melakukan Deployment Perangkat Lunak,Menyiapkan paket rilis (Release Package),versi perangkat lunak stabil dikompilasi menjadi paket instalasi
DevOps Engineer,J.620100.027.1,Melakukan Deployment Perangkat Lunak,Menyiapkan paket rilis (Release Package),dependensi sistem skrip basis data disiapkan paket rilis.
DevOps Engineer,J.620100.027.1,Melakukan Deployment Perangkat Lunak,Mengeksekusi proses deployment,paket rilis dipasang server produksi sesuai jadwal
DevOps Engineer,J.620100.027.1,Melakukan Deployment Perangkat Lunak,Mengeksekusi proses deployment,keberhasilan proses instalasi diverifikasi melalui uji fungsi pascadeployment.
Security Officer,J.62KI00.001.2,Menyusun Kebijakan Keamanan Informasi,Menentukan ruang lingkup kebijakan,kebutuhan bisnis organisasi diidentifikasi
Security Officer,J.62KI00.001.2,Menyusun Kebijakan Keamanan Informasi,Menentukan ruang lingkup kebijakan,batasan area penerapan kebijakan keamanan informasi ditetapkan sesuai standar organisasi.
Security Officer,J.62KI00.001.2,Menyusun Kebijakan Keamanan Informasi,Membuat draf dokumen kebijakan,klausul kebijakan keamanan informasi dirumuskan
Security Officer,J.62KI00.001.2,Menyusun Kebijakan Keamanan Informasi,Membuat draf dokumen kebijakan,"prinsipprinsip kerahasiaan, integritas, ketersediaan dituangkan draf."
Risk Analyst,J.62KI00.002.2,Melakukan Analisis Risiko Keamanan Informasi,Mengidentifikasi aset informasi,daftar aset informasi masuk ruang lingkup diinventarisasi
Risk Analyst,J.62KI00.002.2,Melakukan Analisis Risiko Keamanan Informasi,Mengidentifikasi aset informasi,nilai kepentingan aset organisasi ditentukan berdasarkan klasifikasi.
Risk Analyst,J.62KI00.002.2,Melakukan Analisis Risiko Keamanan Informasi,Menilai ancaman dan kerentanan,potensi ancaman aset informasi diidentifikasi
Risk Analyst,J.62KI00.002.2,Melakukan Analisis Risiko Keamanan Informasi,Menilai ancaman dan kerentanan,kerentanan sistem proses bisnis dianalisis
Risk Analyst,J.62KI00.002.2,Melakukan Analisis Risiko Keamanan Informasi,Menilai ancaman dan kerentanan,tingkat risiko dihitung berdasarkan kemungkinan dampak.
Security Engineer,J.62KI00.004.2,Melakukan Evaluasi Keamanan Informasi,Menyiapkan instrumen evaluasi,parameter evaluasi keamanan informasi ditetapkan sesuai standar
Security Engineer,J.62KI00.004.2,Melakukan Evaluasi Keamanan Informasi,Menyiapkan instrumen evaluasi,alat bantu metode pengumpulan data evaluasi disiapkan.
Security Engineer,J.62KI00.004.2,Melakukan Evaluasi Keamanan Informasi,Melaksanakan audit/evaluasi teknis,data implementasi kontrol keamanan dikumpulkan
Security Engineer,J.62KI00.004.2,Melakukan Evaluasi Keamanan Informasi,Melaksanakan audit/evaluasi teknis,kesenjangan kebijakan praktik lapangan diidentifikasi.
Access Manager,J.62KI00.005.1,Menerapkan Kontrol Akses,Merancang skema otentikasi,metode otentikasi pengguna diidentifikasi sesuai sensitivitas data
Access Manager,J.62KI00.005.1,Menerapkan Kontrol Akses,Merancang skema otentikasi,prosedur manajemen identitas kredensial disusun.
Access Manager,J.62KI00.005.1,Menerapkan Kontrol Akses,Mengelola hak akses (Authorization),hak akses diberikan berdasarkan prinsip kewenangan minimum
Access Manager,J.62KI00.005.1,Menerapkan Kontrol Akses,Mengelola hak akses (Authorization),akses pengguna ditinjau ulang berkala memastikan relevansi.
Net-Sec Engineer,J.62KI00.007.2,Mengelola Keamanan Jaringan,Mengonfigurasi perangkat keamanan jaringan,aturan firewall sistem pencegahan intrusi ditetapkan
Net-Sec Engineer,J.62KI00.007.2,Mengelola Keamanan Jaringan,Mengonfigurasi perangkat keamanan jaringan,enkripsi jalur komunikasi data dikonfigurasi.
Net-Sec Engineer,J.62KI00.007.2,Mengelola Keamanan Jaringan,Memantau lalu lintas jaringan,aktivitas jaringan dipantau melalui log sistem
Net-Sec Engineer,J.62KI00.007.2,Mengelola Keamanan Jaringan,Memantau lalu lintas jaringan,anomali indikasi serangan siber jaringan dianalisis.
Security Auditor,J.62KI00.010.1,Melaksanakan Audit Keamanan Informasi Internal,Merencanakan audit,ruang lingkup kriteria audit ditetapkan
Security Auditor,J.62KI00.010.1,Melaksanakan Audit Keamanan Informasi Internal,Merencanakan audit,jadwal pelaksanaan tim auditor internal dibentuk.
Security Auditor,J.62KI00.010.1,Melaksanakan Audit Keamanan Informasi Internal,Melaporkan hasil audit,temuan audit diklasifikasikan berdasarkan tingkat temuan
Security Auditor,J.62KI00.010.1,Melaksanakan Audit Keamanan Informasi Internal,Melaporkan hasil audit,rekomendasi perbaikan disusun laporan resmi manajemen.
Incident Responder,J.62KI00.012.1,Menangani Insiden Keamanan Informasi,Mendeteksi dan menganalisis insiden,gejala serangan kegagalan keamanan diidentifikasi
Incident Responder,J.62KI00.012.1,Menangani Insiden Keamanan Informasi,Mendeteksi dan menganalisis insiden,tingkat keparahan dampak insiden ditentukan cepat.
Incident Responder,J.62KI00.012.1,Menangani Insiden Keamanan Informasi,Melakukan tindakan pemulihan,langkah isolasi menghentikan penyebaran serangan dilakukan
Incident Responder,J.62KI00.012.1,Menangani Insiden Keamanan Informasi,Melakukan tindakan pemulihan,sistem dipulihkan kondisi normal penyebab utama insiden dianalisis.
Awareness Officer,J.62KI00.015.1,Mengelola Kesadaran Keamanan Informasi,Merancang program edukasi,materi sosialisasi keamanan informasi disiapkan seluruh level karyawan
Awareness Officer,J.62KI00.015.1,Mengelola Kesadaran Keamanan Informasi,Merancang program edukasi,metode penyampaian pelatihansimulasi ditentukan.
Privacy Officer,J.62KI00.018.1,Menerapkan Proteksi Data Pribadi,Mengidentifikasi pemrosesan data pribadi,alur data pribadi organisasi dipetakan
Privacy Officer,J.62KI00.018.1,Menerapkan Proteksi Data Pribadi,Mengidentifikasi pemrosesan data pribadi,dasar hukum pemrosesan data pribadi diverifikasi sesuai regulasi.
Privacy Officer,J.62KI00.018.1,Menerapkan Proteksi Data Pribadi,Menerapkan kontrol privasi,teknik perlindungan data enkripsi masking diimplementasikan
Privacy Officer,J.62KI00.018.1,Menerapkan Proteksi Data Pribadi,Menerapkan kontrol privasi,hak pemilik data subjek data dipastikan dipenuhi sistem.
Pentester,J.62KI00.021.1,Melakukan Pengujian Penetrasi,Melakukan pengumpulan informasi (Reconnaissance),informasi mengenai target pengujian dikumpulkan pasif aktif
Pentester,J.62KI00.021.1,Melakukan Pengujian Penetrasi,Melakukan pengumpulan informasi (Reconnaissance),celah keamanan potensial diidentifikasi tahap eksploitasi.
BCP Specialist,J.62KI00.025.1,Menyusun Rencana Kelangsungan Bisnis,Melakukan analisis dampak bisnis (BIA),proses bisnis kritis terpengaruh gangguan ti diidentifikasi
BCP Specialist,J.62KI00.025.1,Menyusun Rencana Kelangsungan Bisnis,Melakukan analisis dampak bisnis (BIA),target waktu pemulihan rto rpo ditetapkan.
BCP Specialist,J.62KI00.025.1,Menyusun Rencana Kelangsungan Bisnis,Merancang strategi pemulihan,prosedur cadangan backup pemulihan data disusun
BCP Specialist,J.62KI00.025.1,Menyusun Rencana Kelangsungan Bisnis,Merancang strategi pemulihan,rencana pengoperasian sistem lokasi alternatif drc didokumentasikan.
Security Officer,J.62KI00.022.1,Melakukan Penanganan Kerentanan,Melakukan identifikasi kerentanan,daftar kerentanan sistem diidentifikasi melalui alat pemindai referensi cve
Security Officer,J.62KI00.022.1,Melakukan Penanganan Kerentanan,Melakukan identifikasi kerentanan,prioritas penanganan kerentanan ditentukan berdasarkan tingkat risiko.
Security Officer,J.62KI00.022.1,Melakukan Penanganan Kerentanan,Melaksanakan remediasi kerentanan,perbaikan patching perubahan konfigurasi dilakukan menutup celah
Security Officer,J.62KI00.022.1,Melakukan Penanganan Kerentanan,Melaksanakan remediasi kerentanan,keberhasilan perbaikan diverifikasi melalui pemindaian ulang.
Security Analyst,J.62KI00.023.1,Melakukan Pemantauan Keamanan Informasi,Menyiapkan instrumen pemantauan,parameter pemantauan keamanan log trafik ditetapkan
Security Analyst,J.62KI00.023.1,Melakukan Pemantauan Keamanan Informasi,Menyiapkan instrumen pemantauan,alat bantu pemantauan siemlog management dikonfigurasi sesuai kebutuhan.
Security Analyst,J.62KI00.023.1,Melakukan Pemantauan Keamanan Informasi,Menganalisis hasil pemantauan,data pemantauan dianalisis mendeteksi adanya upaya serangan
Security Analyst,J.62KI00.023.1,Melakukan Pemantauan Keamanan Informasi,Menganalisis hasil pemantauan,laporan hasil pemantauan disusun berkala manajemen.
Forensic Analyst,J.62KI00.024.1,Melakukan Investigasi Insiden Keamanan Informasi,Mengumpulkan bukti digital,bukti digital dikumpulkan sistem terdampak menjaga integritas data
Forensic Analyst,J.62KI00.024.1,Melakukan Investigasi Insiden Keamanan Informasi,Mengumpulkan bukti digital,rantai alur bukti chain of custody didokumentasikan benar.
Forensic Analyst,J.62KI00.024.1,Melakukan Investigasi Insiden Keamanan Informasi,Menganalisis bukti digital,teknik forensik diterapkan mencari jejak aktivitas penyerang
Forensic Analyst,J.62KI00.024.1,Melakukan Investigasi Insiden Keamanan Informasi,Menganalisis bukti digital,hasil analisis digunakan mendukung proses hukum perbaikan sistem.
Risk Manager,J.62KI00.026.1,Melakukan Mitigasi Risiko Keamanan Informasi,Menentukan strategi mitigasi,"opsi mitigasi risiko penerimaan, transfer, pengurangan dipilih"
Risk Manager,J.62KI00.026.1,Melakukan Mitigasi Risiko Keamanan Informasi,Menentukan strategi mitigasi,rencana aksi mitigasi disusun bersama pemilik aset informasi.
Compliance Off.,J.62KI00.027.1,Mengelola Kepatuhan Keamanan Informasi,Mengidentifikasi persyaratan kepatuhan,"standar hukum, regulasi, kontrak terkait keamanan informasi didaftar"
Compliance Off.,J.62KI00.027.1,Mengelola Kepatuhan Keamanan Informasi,Mengidentifikasi persyaratan kepatuhan,tingkat kepatuhan organisasi ini dinilai persyaratan tersebut.
Compliance Off.,J.62KI00.027.1,Mengelola Kepatuhan Keamanan Informasi,Memantau status kepatuhan,pemenuhan regulasi dipantau berkelanjutan
Compliance Off.,J.62KI00.027.1,Mengelola Kepatuhan Keamanan Informasi,Memantau status kepatuhan,tindakan korektif dilakukan ditemukan ketidakpatuhan.
Security Eng.,J.62KI00.028.1,Menerapkan Keamanan Perangkat Lunak,Mengintegrasikan keamanan pada SDLC,persyaratan keamanan didefinisikan sejak tahap desain perangkat lunak
Security Eng.,J.62KI00.028.1,Menerapkan Keamanan Perangkat Lunak,Mengintegrasikan keamanan pada SDLC,pengujian keamanan kode sastdast dilakukan selama proses pengembangan.
Security Eng.,J.62KI00.029.1,Mengelola Keamanan Pihak Ketiga,Menetapkan persyaratan keamanan pihak ketiga,klausul keamanan informasi dimasukkan dalam kontrak kerja sama
Security Eng.,J.62KI00.029.1,Mengelola Keamanan Pihak Ketiga,Menetapkan persyaratan keamanan pihak ketiga,standar akses data mitra eksternal didefinisikan jelas.
Security Eng.,J.62KI00.029.1,Mengelola Keamanan Pihak Ketiga,Mengevaluasi kinerja pihak ketiga,audit asesmen keamanan dilakukan sistem pihak ketiga rutin
Security Eng.,J.62KI00.029.1,Mengelola Keamanan Pihak Ketiga,Mengevaluasi kinerja pihak ketiga,insiden keamanan melibatkan pihak ketiga ditindaklanjuti.
Data Protection,J.62KI00.030.1,Mengelola Keamanan Data Besar (Big Data),Menerapkan kontrol keamanan big data,teknik perlindungan data volume besar diimplementasikan
Data Protection,J.62KI00.030.1,Mengelola Keamanan Data Besar (Big Data),Menerapkan kontrol keamanan big data,akses lingkungan pemrosesan data besar dibatasi sesuai otoritas.
Cloud Security,J.62KI00.031.1,Mengelola Keamanan Layanan Awan (Cloud Security),Mengonfigurasi keamanan infrastruktur cloud,pengaturan firewall enkripsi lingkungan cloud dikerjakan
Cloud Security,J.62KI00.031.1,Mengelola Keamanan Layanan Awan (Cloud Security),Mengonfigurasi keamanan infrastruktur cloud,kebijakan berbagi tanggung jawab shared responsibility dipahami dijalankan.
